name,sku,basePrice,compareAtPrice,stockOnHand,categoryName,brandName,shortDescription,description,imageUrl
Wool Throw Burgundy,GRS-0001,28,,73,Textiles & home,Bursa Atelier,Wool Throw in burgundy,Handcrafted wool throw finished by Anatolian artisans for everyday wear,https://images.pexels.com/photos/30324277/pexels-photo-30324277.jpeg|https://images.pexels.com/photos/27471093/pexels-photo-27471093.jpeg|https://images.pexels.com/photos/27471098/pexels-photo-27471098.jpeg|https://images.pexels.com/photos/27471099/pexels-photo-27471099.jpeg
Wool Throw Navy,GRS-0002,28,38,97,Textiles & home,Bursa Atelier,Wool Throw in navy,Handcrafted wool throw finished by Anatolian artisans for everyday wear,https://images.pexels.com/photos/30324277/pexels-photo-30324277.jpeg|https://images.pexels.com/photos/27471093/pexels-photo-27471093.jpeg|https://images.pexels.com/photos/27471098/pexels-photo-27471098.jpeg|https://images.pexels.com/photos/27471099/pexels-photo-27471099.jpeg
Wool Throw Black,GRS-0003,28,,28,Textiles & home,Bursa Atelier,Wool Throw in black,Handcrafted wool throw finished by Anatolian artisans for everyday wear,https://images.pexels.com/photos/30324277/pexels-photo-30324277.jpeg|https://images.pexels.com/photos/27471093/pexels-photo-27471093.jpeg|https://images.pexels.com/photos/27471098/pexels-photo-27471098.jpeg|https://images.pexels.com/photos/27471099/pexels-photo-27471099.jpeg
Wool Throw Olive,GRS-0004,28,,97,Textiles & home,Bursa Atelier,Wool Throw in olive,Handcrafted wool throw finished by Anatolian artisans for everyday wear,https://images.pexels.com/photos/30324277/pexels-photo-30324277.jpeg|https://images.pexels.com/photos/27471093/pexels-photo-27471093.jpeg|https://images.pexels.com/photos/27471098/pexels-photo-27471098.jpeg|https://images.pexels.com/photos/27471099/pexels-photo-27471099.jpeg
Wool Throw Cream,GRS-0005,28,38,78,Textiles & home,Bursa Atelier,Wool Throw in cream,Handcrafted wool throw finished by Anatolian artisans for everyday wear,https://images.pexels.com/photos/30324277/pexels-photo-30324277.jpeg|https://images.pexels.com/photos/27471093/pexels-photo-27471093.jpeg|https://images.pexels.com/photos/27471098/pexels-photo-27471098.jpeg|https://images.pexels.com/photos/27471099/pexels-photo-27471099.jpeg
Wool Throw Mustard,GRS-0006,28,,86,Textiles & home,Bursa Atelier,Wool Throw in mustard,Handcrafted wool throw finished by Anatolian artisans for everyday wear,https://images.pexels.com/photos/30324277/pexels-photo-30324277.jpeg|https://images.pexels.com/photos/27471093/pexels-photo-27471093.jpeg|https://images.pexels.com/photos/27471098/pexels-photo-27471098.jpeg|https://images.pexels.com/photos/27471099/pexels-photo-27471099.jpeg
Wool Throw Charcoal,GRS-0007,28,,87,Textiles & home,Bursa Atelier,Wool Throw in charcoal,Handcrafted wool throw finished by Anatolian artisans for everyday wear,https://images.pexels.com/photos/30324277/pexels-photo-30324277.jpeg|https://images.pexels.com/photos/27471093/pexels-photo-27471093.jpeg|https://images.pexels.com/photos/27471098/pexels-photo-27471098.jpeg|https://images.pexels.com/photos/27471099/pexels-photo-27471099.jpeg
Wool Throw Tan,GRS-0008,28,38,62,Textiles & home,Bursa Atelier,Wool Throw in tan,Handcrafted wool throw finished by Anatolian artisans for everyday wear,https://images.pexels.com/photos/30324277/pexels-photo-30324277.jpeg|https://images.pexels.com/photos/27471093/pexels-photo-27471093.jpeg|https://images.pexels.com/photos/27471098/pexels-photo-27471098.jpeg|https://images.pexels.com/photos/27471099/pexels-photo-27471099.jpeg
Cotton Cushion Burgundy,GRS-0009,22,,26,Textiles & home,Anatolia Co.,Cotton Cushion in burgundy,Handcrafted cotton cushion finished by Anatolian artisans for everyday wear,https://images.pexels.com/photos/19836809/pexels-photo-19836809.jpeg|https://images.pexels.com/photos/37023122/pexels-photo-37023122.jpeg|https://images.pexels.com/photos/34772403/pexels-photo-34772403.jpeg|https://images.pexels.com/photos/20395988/pexels-photo-20395988.jpeg
Cotton Cushion Navy,GRS-0010,22,30,81,Textiles & home,Anatolia Co.,Cotton Cushion in navy,Handcrafted cotton cushion finished by Anatolian artisans for everyday wear,https://images.pexels.com/photos/19836809/pexels-photo-19836809.jpeg|https://images.pexels.com/photos/37023122/pexels-photo-37023122.jpeg|https://images.pexels.com/photos/34772403/pexels-photo-34772403.jpeg|https://images.pexels.com/photos/20395988/pexels-photo-20395988.jpeg
Cotton Cushion Black,GRS-0011,22,,18,Textiles & home,Anatolia Co.,Cotton Cushion in black,Handcrafted cotton cushion finished by Anatolian artisans for everyday wear,https://images.pexels.com/photos/19836809/pexels-photo-19836809.jpeg|https://images.pexels.com/photos/37023122/pexels-photo-37023122.jpeg|https://images.pexels.com/photos/34772403/pexels-photo-34772403.jpeg|https://images.pexels.com/photos/20395988/pexels-photo-20395988.jpeg
Cotton Cushion Olive,GRS-0012,22,,34,Textiles & home,Anatolia Co.,Cotton Cushion in olive,Handcrafted cotton cushion finished by Anatolian artisans for everyday wear,https://images.pexels.com/photos/19836809/pexels-photo-19836809.jpeg|https://images.pexels.com/photos/37023122/pexels-photo-37023122.jpeg|https://images.pexels.com/photos/34772403/pexels-photo-34772403.jpeg|https://images.pexels.com/photos/20395988/pexels-photo-20395988.jpeg
Cotton Cushion Cream,GRS-0013,22,30,70,Textiles & home,Anatolia Co.,Cotton Cushion in cream,Handcrafted cotton cushion finished by Anatolian artisans for everyday wear,https://images.pexels.com/photos/19836809/pexels-photo-19836809.jpeg|https://images.pexels.com/photos/37023122/pexels-photo-37023122.jpeg|https://images.pexels.com/photos/34772403/pexels-photo-34772403.jpeg|https://images.pexels.com/photos/20395988/pexels-photo-20395988.jpeg
Cotton Cushion Mustard,GRS-0014,22,,16,Textiles & home,Anatolia Co.,Cotton Cushion in mustard,Handcrafted cotton cushion finished by Anatolian artisans for everyday wear,https://images.pexels.com/photos/19836809/pexels-photo-19836809.jpeg|https://images.pexels.com/photos/37023122/pexels-photo-37023122.jpeg|https://images.pexels.com/photos/34772403/pexels-photo-34772403.jpeg|https://images.pexels.com/photos/20395988/pexels-photo-20395988.jpeg
Cotton Cushion Charcoal,GRS-0015,22,,89,Textiles & home,Anatolia Co.,Cotton Cushion in charcoal,Handcrafted cotton cushion finished by Anatolian artisans for everyday wear,https://images.pexels.com/photos/19836809/pexels-photo-19836809.jpeg|https://images.pexels.com/photos/37023122/pexels-photo-37023122.jpeg|https://images.pexels.com/photos/34772403/pexels-photo-34772403.jpeg|https://images.pexels.com/photos/20395988/pexels-photo-20395988.jpeg
Cotton Cushion Tan,GRS-0016,22,30,97,Textiles & home,Anatolia Co.,Cotton Cushion in tan,Handcrafted cotton cushion finished by Anatolian artisans for everyday wear,https://images.pexels.com/photos/19836809/pexels-photo-19836809.jpeg|https://images.pexels.com/photos/37023122/pexels-photo-37023122.jpeg|https://images.pexels.com/photos/34772403/pexels-photo-34772403.jpeg|https://images.pexels.com/photos/20395988/pexels-photo-20395988.jpeg
Wool Area Rug Burgundy,GRS-0017,145,,12,Textiles & home,House label,Wool Area Rug in burgundy,Handcrafted wool area rug finished by Anatolian artisans for everyday wear,https://images.pexels.com/photos/34601066/pexels-photo-34601066.jpeg|https://images.pexels.com/photos/28428694/pexels-photo-28428694.jpeg|https://images.pexels.com/photos/28097127/pexels-photo-28097127.jpeg|https://images.pexels.com/photos/37760323/pexels-photo-37760323.jpeg
Wool Area Rug Navy,GRS-0018,145,196,21,Textiles & home,House label,Wool Area Rug in navy,Handcrafted wool area rug finished by Anatolian artisans for everyday wear,https://images.pexels.com/photos/34601066/pexels-photo-34601066.jpeg|https://images.pexels.com/photos/28428694/pexels-photo-28428694.jpeg|https://images.pexels.com/photos/28097127/pexels-photo-28097127.jpeg|https://images.pexels.com/photos/37760323/pexels-photo-37760323.jpeg
Wool Area Rug Black,GRS-0019,145,,79,Textiles & home,House label,Wool Area Rug in black,Handcrafted wool area rug finished by Anatolian artisans for everyday wear,https://images.pexels.com/photos/34601066/pexels-photo-34601066.jpeg|https://images.pexels.com/photos/28428694/pexels-photo-28428694.jpeg|https://images.pexels.com/photos/28097127/pexels-photo-28097127.jpeg|https://images.pexels.com/photos/37760323/pexels-photo-37760323.jpeg
Wool Area Rug Olive,GRS-0020,145,,50,Textiles & home,House label,Wool Area Rug in olive,Handcrafted wool area rug finished by Anatolian artisans for everyday wear,https://images.pexels.com/photos/34601066/pexels-photo-34601066.jpeg|https://images.pexels.com/photos/28428694/pexels-photo-28428694.jpeg|https://images.pexels.com/photos/28097127/pexels-photo-28097127.jpeg|https://images.pexels.com/photos/37760323/pexels-photo-37760323.jpeg
Wool Area Rug Cream,GRS-0021,145,196,60,Textiles & home,House label,Wool Area Rug in cream,Handcrafted wool area rug finished by Anatolian artisans for everyday wear,https://images.pexels.com/photos/34601066/pexels-photo-34601066.jpeg|https://images.pexels.com/photos/28428694/pexels-photo-28428694.jpeg|https://images.pexels.com/photos/28097127/pexels-photo-28097127.jpeg|https://images.pexels.com/photos/37760323/pexels-photo-37760323.jpeg
Wool Area Rug Mustard,GRS-0022,145,,53,Textiles & home,House label,Wool Area Rug in mustard,Handcrafted wool area rug finished by Anatolian artisans for everyday wear,https://images.pexels.com/photos/34601066/pexels-photo-34601066.jpeg|https://images.pexels.com/photos/28428694/pexels-photo-28428694.jpeg|https://images.pexels.com/photos/28097127/pexels-photo-28097127.jpeg|https://images.pexels.com/photos/37760323/pexels-photo-37760323.jpeg
Wool Area Rug Charcoal,GRS-0023,145,,81,Textiles & home,House label,Wool Area Rug in charcoal,Handcrafted wool area rug finished by Anatolian artisans for everyday wear,https://images.pexels.com/photos/34601066/pexels-photo-34601066.jpeg|https://images.pexels.com/photos/28428694/pexels-photo-28428694.jpeg|https://images.pexels.com/photos/28097127/pexels-photo-28097127.jpeg|https://images.pexels.com/photos/37760323/pexels-photo-37760323.jpeg
Wool Area Rug Tan,GRS-0024,145,196,29,Textiles & home,House label,Wool Area Rug in tan,Handcrafted wool area rug finished by Anatolian artisans for everyday wear,https://images.pexels.com/photos/34601066/pexels-photo-34601066.jpeg|https://images.pexels.com/photos/28428694/pexels-photo-28428694.jpeg|https://images.pexels.com/photos/28097127/pexels-photo-28097127.jpeg|https://images.pexels.com/photos/37760323/pexels-photo-37760323.jpeg
Linen Table Runner Burgundy,GRS-0025,19,,53,Textiles & home,Aysel Tekstil,Linen Table Runner in burgundy,Handcrafted linen table runner finished by Anatolian artisans for everyday wear,https://images.pexels.com/photos/34232560/pexels-photo-34232560.jpeg|https://images.pexels.com/photos/36672910/pexels-photo-36672910.jpeg|https://images.pexels.com/photos/20428215/pexels-photo-20428215.jpeg|https://images.pexels.com/photos/5814107/pexels-photo-5814107.jpeg
Linen Table Runner Navy,GRS-0026,19,26,62,Textiles & home,Aysel Tekstil,Linen Table Runner in navy,Handcrafted linen table runner finished by Anatolian artisans for everyday wear,https://images.pexels.com/photos/34232560/pexels-photo-34232560.jpeg|https://images.pexels.com/photos/36672910/pexels-photo-36672910.jpeg|https://images.pexels.com/photos/20428215/pexels-photo-20428215.jpeg|https://images.pexels.com/photos/5814107/pexels-photo-5814107.jpeg
Linen Table Runner Black,GRS-0027,19,,78,Textiles & home,Aysel Tekstil,Linen Table Runner in black,Handcrafted linen table runner finished by Anatolian artisans for everyday wear,https://images.pexels.com/photos/34232560/pexels-photo-34232560.jpeg|https://images.pexels.com/photos/36672910/pexels-photo-36672910.jpeg|https://images.pexels.com/photos/20428215/pexels-photo-20428215.jpeg|https://images.pexels.com/photos/5814107/pexels-photo-5814107.jpeg
Linen Table Runner Olive,GRS-0028,19,,15,Textiles & home,Aysel Tekstil,Linen Table Runner in olive,Handcrafted linen table runner finished by Anatolian artisans for everyday wear,https://images.pexels.com/photos/34232560/pexels-photo-34232560.jpeg|https://images.pexels.com/photos/36672910/pexels-photo-36672910.jpeg|https://images.pexels.com/photos/20428215/pexels-photo-20428215.jpeg|https://images.pexels.com/photos/5814107/pexels-photo-5814107.jpeg
Linen Table Runner Cream,GRS-0029,19,26,69,Textiles & home,Aysel Tekstil,Linen Table Runner in cream,Handcrafted linen table runner finished by Anatolian artisans for everyday wear,https://images.pexels.com/photos/34232560/pexels-photo-34232560.jpeg|https://images.pexels.com/photos/36672910/pexels-photo-36672910.jpeg|https://images.pexels.com/photos/20428215/pexels-photo-20428215.jpeg|https://images.pexels.com/photos/5814107/pexels-photo-5814107.jpeg
Linen Table Runner Mustard,GRS-0030,19,,71,Textiles & home,Aysel Tekstil,Linen Table Runner in mustard,Handcrafted linen table runner finished by Anatolian artisans for everyday wear,https://images.pexels.com/photos/34232560/pexels-photo-34232560.jpeg|https://images.pexels.com/photos/36672910/pexels-photo-36672910.jpeg|https://images.pexels.com/photos/20428215/pexels-photo-20428215.jpeg|https://images.pexels.com/photos/5814107/pexels-photo-5814107.jpeg
Linen Table Runner Charcoal,GRS-0031,19,,66,Textiles & home,Aysel Tekstil,Linen Table Runner in charcoal,Handcrafted linen table runner finished by Anatolian artisans for everyday wear,https://images.pexels.com/photos/34232560/pexels-photo-34232560.jpeg|https://images.pexels.com/photos/36672910/pexels-photo-36672910.jpeg|https://images.pexels.com/photos/20428215/pexels-photo-20428215.jpeg|https://images.pexels.com/photos/5814107/pexels-photo-5814107.jpeg
Linen Table Runner Tan,GRS-0032,19,26,34,Textiles & home,Aysel Tekstil,Linen Table Runner in tan,Handcrafted linen table runner finished by Anatolian artisans for everyday wear,https://images.pexels.com/photos/34232560/pexels-photo-34232560.jpeg|https://images.pexels.com/photos/36672910/pexels-photo-36672910.jpeg|https://images.pexels.com/photos/20428215/pexels-photo-20428215.jpeg|https://images.pexels.com/photos/5814107/pexels-photo-5814107.jpeg
Cotton Curtain Panel Burgundy,GRS-0033,58,,20,Textiles & home,Bosphorus Trading Co.,Cotton Curtain Panel in burgundy,Handcrafted cotton curtain panel finished by Anatolian artisans for everyday wear,https://images.pexels.com/photos/10508017/pexels-photo-10508017.jpeg|https://images.pexels.com/photos/7114134/pexels-photo-7114134.jpeg|https://images.pexels.com/photos/13005088/pexels-photo-13005088.jpeg
Cotton Curtain Panel Navy,GRS-0034,58,78,84,Textiles & home,Bosphorus Trading Co.,Cotton Curtain Panel in navy,Handcrafted cotton curtain panel finished by Anatolian artisans for everyday wear,https://images.pexels.com/photos/10508017/pexels-photo-10508017.jpeg|https://images.pexels.com/photos/7114134/pexels-photo-7114134.jpeg|https://images.pexels.com/photos/13005088/pexels-photo-13005088.jpeg
Cotton Curtain Panel Black,GRS-0035,58,,25,Textiles & home,Bosphorus Trading Co.,Cotton Curtain Panel in black,Handcrafted cotton curtain panel finished by Anatolian artisans for everyday wear,https://images.pexels.com/photos/10508017/pexels-photo-10508017.jpeg|https://images.pexels.com/photos/7114134/pexels-photo-7114134.jpeg|https://images.pexels.com/photos/13005088/pexels-photo-13005088.jpeg
Cotton Curtain Panel Olive,GRS-0036,58,,29,Textiles & home,Bosphorus Trading Co.,Cotton Curtain Panel in olive,Handcrafted cotton curtain panel finished by Anatolian artisans for everyday wear,https://images.pexels.com/photos/10508017/pexels-photo-10508017.jpeg|https://images.pexels.com/photos/7114134/pexels-photo-7114134.jpeg|https://images.pexels.com/photos/13005088/pexels-photo-13005088.jpeg
Cotton Curtain Panel Cream,GRS-0037,58,78,65,Textiles & home,Bosphorus Trading Co.,Cotton Curtain Panel in cream,Handcrafted cotton curtain panel finished by Anatolian artisans for everyday wear,https://images.pexels.com/photos/10508017/pexels-photo-10508017.jpeg|https://images.pexels.com/photos/7114134/pexels-photo-7114134.jpeg|https://images.pexels.com/photos/13005088/pexels-photo-13005088.jpeg
Cotton Curtain Panel Mustard,GRS-0038,58,,71,Textiles & home,Bosphorus Trading Co.,Cotton Curtain Panel in mustard,Handcrafted cotton curtain panel finished by Anatolian artisans for everyday wear,https://images.pexels.com/photos/10508017/pexels-photo-10508017.jpeg|https://images.pexels.com/photos/7114134/pexels-photo-7114134.jpeg|https://images.pexels.com/photos/13005088/pexels-photo-13005088.jpeg
Cotton Curtain Panel Charcoal,GRS-0039,58,,95,Textiles & home,Bosphorus Trading Co.,Cotton Curtain Panel in charcoal,Handcrafted cotton curtain panel finished by Anatolian artisans for everyday wear,https://images.pexels.com/photos/10508017/pexels-photo-10508017.jpeg|https://images.pexels.com/photos/7114134/pexels-photo-7114134.jpeg|https://images.pexels.com/photos/13005088/pexels-photo-13005088.jpeg
Cotton Curtain Panel Tan,GRS-0040,58,78,21,Textiles & home,Bosphorus Trading Co.,Cotton Curtain Panel in tan,Handcrafted cotton curtain panel finished by Anatolian artisans for everyday wear,https://images.pexels.com/photos/10508017/pexels-photo-10508017.jpeg|https://images.pexels.com/photos/7114134/pexels-photo-7114134.jpeg|https://images.pexels.com/photos/13005088/pexels-photo-13005088.jpeg
Denim Bracelet Burgundy,GRS-0041,41,,79,Accessories,Cappadocia Crafts,Denim Bracelet in burgundy,Handcrafted denim bracelet finished by Anatolian artisans for everyday wear,https://images.pexels.com/photos/5758544/pexels-photo-5758544.jpeg|https://images.pexels.com/photos/69101/pexels-photo-69101.jpeg|https://images.pexels.com/photos/34303813/pexels-photo-34303813.jpeg|https://images.pexels.com/photos/7872455/pexels-photo-7872455.jpeg
Denim Bracelet Navy,GRS-0042,41,55,80,Accessories,Cappadocia Crafts,Denim Bracelet in navy,Handcrafted denim bracelet finished by Anatolian artisans for everyday wear,https://images.pexels.com/photos/5758544/pexels-photo-5758544.jpeg|https://images.pexels.com/photos/69101/pexels-photo-69101.jpeg|https://images.pexels.com/photos/34303813/pexels-photo-34303813.jpeg|https://images.pexels.com/photos/7872455/pexels-photo-7872455.jpeg
Denim Bracelet Black,GRS-0043,41,,32,Accessories,Cappadocia Crafts,Denim Bracelet in black,Handcrafted denim bracelet finished by Anatolian artisans for everyday wear,https://images.pexels.com/photos/5758544/pexels-photo-5758544.jpeg|https://images.pexels.com/photos/69101/pexels-photo-69101.jpeg|https://images.pexels.com/photos/34303813/pexels-photo-34303813.jpeg|https://images.pexels.com/photos/7872455/pexels-photo-7872455.jpeg
Denim Bracelet Olive,GRS-0044,41,,11,Accessories,Cappadocia Crafts,Denim Bracelet in olive,Handcrafted denim bracelet finished by Anatolian artisans for everyday wear,https://images.pexels.com/photos/5758544/pexels-photo-5758544.jpeg|https://images.pexels.com/photos/69101/pexels-photo-69101.jpeg|https://images.pexels.com/photos/34303813/pexels-photo-34303813.jpeg|https://images.pexels.com/photos/7872455/pexels-photo-7872455.jpeg
Denim Bracelet Cream,GRS-0045,41,55,13,Accessories,Cappadocia Crafts,Denim Bracelet in cream,Handcrafted denim bracelet finished by Anatolian artisans for everyday wear,https://images.pexels.com/photos/5758544/pexels-photo-5758544.jpeg|https://images.pexels.com/photos/69101/pexels-photo-69101.jpeg|https://images.pexels.com/photos/34303813/pexels-photo-34303813.jpeg|https://images.pexels.com/photos/7872455/pexels-photo-7872455.jpeg
Denim Bracelet Mustard,GRS-0046,41,,89,Accessories,Cappadocia Crafts,Denim Bracelet in mustard,Handcrafted denim bracelet finished by Anatolian artisans for everyday wear,https://images.pexels.com/photos/5758544/pexels-photo-5758544.jpeg|https://images.pexels.com/photos/69101/pexels-photo-69101.jpeg|https://images.pexels.com/photos/34303813/pexels-photo-34303813.jpeg|https://images.pexels.com/photos/7872455/pexels-photo-7872455.jpeg
Denim Bracelet Charcoal,GRS-0047,41,,75,Accessories,Cappadocia Crafts,Denim Bracelet in charcoal,Handcrafted denim bracelet finished by Anatolian artisans for everyday wear,https://images.pexels.com/photos/5758544/pexels-photo-5758544.jpeg|https://images.pexels.com/photos/69101/pexels-photo-69101.jpeg|https://images.pexels.com/photos/34303813/pexels-photo-34303813.jpeg|https://images.pexels.com/photos/7872455/pexels-photo-7872455.jpeg
Denim Bracelet Tan,GRS-0048,41,55,50,Accessories,Cappadocia Crafts,Denim Bracelet in tan,Handcrafted denim bracelet finished by Anatolian artisans for everyday wear,https://images.pexels.com/photos/5758544/pexels-photo-5758544.jpeg|https://images.pexels.com/photos/69101/pexels-photo-69101.jpeg|https://images.pexels.com/photos/34303813/pexels-photo-34303813.jpeg|https://images.pexels.com/photos/7872455/pexels-photo-7872455.jpeg
Beaded Necklace Burgundy,GRS-0049,36,,52,Accessories,Izmir Leather Works,Beaded Necklace in burgundy,Handcrafted beaded necklace finished by Anatolian artisans for everyday wear,https://images.pexels.com/photos/9772647/pexels-photo-9772647.jpeg|https://images.pexels.com/photos/32568146/pexels-photo-32568146.jpeg|https://images.pexels.com/photos/10603207/pexels-photo-10603207.jpeg|https://images.pexels.com/photos/2360532/pexels-photo-2360532.jpeg
Beaded Necklace Navy,GRS-0050,36,49,32,Accessories,Izmir Leather Works,Beaded Necklace in navy,Handcrafted beaded necklace finished by Anatolian artisans for everyday wear,https://images.pexels.com/photos/9772647/pexels-photo-9772647.jpeg|https://images.pexels.com/photos/32568146/pexels-photo-32568146.jpeg|https://images.pexels.com/photos/10603207/pexels-photo-10603207.jpeg|https://images.pexels.com/photos/2360532/pexels-photo-2360532.jpeg
Beaded Necklace Black,GRS-0051,36,,36,Accessories,Izmir Leather Works,Beaded Necklace in black,Handcrafted beaded necklace finished by Anatolian artisans for everyday wear,https://images.pexels.com/photos/9772647/pexels-photo-9772647.jpeg|https://images.pexels.com/photos/32568146/pexels-photo-32568146.jpeg|https://images.pexels.com/photos/10603207/pexels-photo-10603207.jpeg|https://images.pexels.com/photos/2360532/pexels-photo-2360532.jpeg
Beaded Necklace Olive,GRS-0052,36,,34,Accessories,Izmir Leather Works,Beaded Necklace in olive,Handcrafted beaded necklace finished by Anatolian artisans for everyday wear,https://images.pexels.com/photos/9772647/pexels-photo-9772647.jpeg|https://images.pexels.com/photos/32568146/pexels-photo-32568146.jpeg|https://images.pexels.com/photos/10603207/pexels-photo-10603207.jpeg|https://images.pexels.com/photos/2360532/pexels-photo-2360532.jpeg
Beaded Necklace Cream,GRS-0053,36,49,32,Accessories,Izmir Leather Works,Beaded Necklace in cream,Handcrafted beaded necklace finished by Anatolian artisans for everyday wear,https://images.pexels.com/photos/9772647/pexels-photo-9772647.jpeg|https://images.pexels.com/photos/32568146/pexels-photo-32568146.jpeg|https://images.pexels.com/photos/10603207/pexels-photo-10603207.jpeg|https://images.pexels.com/photos/2360532/pexels-photo-2360532.jpeg
Beaded Necklace Mustard,GRS-0054,36,,19,Accessories,Izmir Leather Works,Beaded Necklace in mustard,Handcrafted beaded necklace finished by Anatolian artisans for everyday wear,https://images.pexels.com/photos/9772647/pexels-photo-9772647.jpeg|https://images.pexels.com/photos/32568146/pexels-photo-32568146.jpeg|https://images.pexels.com/photos/10603207/pexels-photo-10603207.jpeg|https://images.pexels.com/photos/2360532/pexels-photo-2360532.jpeg
Beaded Necklace Charcoal,GRS-0055,36,,50,Accessories,Izmir Leather Works,Beaded Necklace in charcoal,Handcrafted beaded necklace finished by Anatolian artisans for everyday wear,https://images.pexels.com/photos/9772647/pexels-photo-9772647.jpeg|https://images.pexels.com/photos/32568146/pexels-photo-32568146.jpeg|https://images.pexels.com/photos/10603207/pexels-photo-10603207.jpeg|https://images.pexels.com/photos/2360532/pexels-photo-2360532.jpeg
Beaded Necklace Tan,GRS-0056,36,49,54,Accessories,Izmir Leather Works,Beaded Necklace in tan,Handcrafted beaded necklace finished by Anatolian artisans for everyday wear,https://images.pexels.com/photos/9772647/pexels-photo-9772647.jpeg|https://images.pexels.com/photos/32568146/pexels-photo-32568146.jpeg|https://images.pexels.com/photos/10603207/pexels-photo-10603207.jpeg|https://images.pexels.com/photos/2360532/pexels-photo-2360532.jpeg
Silk Scarf Burgundy,GRS-0057,32,,68,Accessories,Konya Woolworks,Silk Scarf in burgundy,Handcrafted silk scarf finished by Anatolian artisans for everyday wear,https://images.pexels.com/photos/34225148/pexels-photo-34225148.jpeg|https://images.pexels.com/photos/36455711/pexels-photo-36455711.jpeg|https://images.pexels.com/photos/36455709/pexels-photo-36455709.jpeg|https://images.pexels.com/photos/27408060/pexels-photo-27408060.jpeg
Silk Scarf Navy,GRS-0058,32,43,75,Accessories,Konya Woolworks,Silk Scarf in navy,Handcrafted silk scarf finished by Anatolian artisans for everyday wear,https://images.pexels.com/photos/34225148/pexels-photo-34225148.jpeg|https://images.pexels.com/photos/36455711/pexels-photo-36455711.jpeg|https://images.pexels.com/photos/36455709/pexels-photo-36455709.jpeg|https://images.pexels.com/photos/27408060/pexels-photo-27408060.jpeg
Silk Scarf Black,GRS-0059,32,,44,Accessories,Konya Woolworks,Silk Scarf in black,Handcrafted silk scarf finished by Anatolian artisans for everyday wear,https://images.pexels.com/photos/34225148/pexels-photo-34225148.jpeg|https://images.pexels.com/photos/36455711/pexels-photo-36455711.jpeg|https://images.pexels.com/photos/36455709/pexels-photo-36455709.jpeg|https://images.pexels.com/photos/27408060/pexels-photo-27408060.jpeg
Silk Scarf Olive,GRS-0060,32,,90,Accessories,Konya Woolworks,Silk Scarf in olive,Handcrafted silk scarf finished by Anatolian artisans for everyday wear,https://images.pexels.com/photos/34225148/pexels-photo-34225148.jpeg|https://images.pexels.com/photos/36455711/pexels-photo-36455711.jpeg|https://images.pexels.com/photos/36455709/pexels-photo-36455709.jpeg|https://images.pexels.com/photos/27408060/pexels-photo-27408060.jpeg
Silk Scarf Cream,GRS-0061,32,43,84,Accessories,Konya Woolworks,Silk Scarf in cream,Handcrafted silk scarf finished by Anatolian artisans for everyday wear,https://images.pexels.com/photos/34225148/pexels-photo-34225148.jpeg|https://images.pexels.com/photos/36455711/pexels-photo-36455711.jpeg|https://images.pexels.com/photos/36455709/pexels-photo-36455709.jpeg|https://images.pexels.com/photos/27408060/pexels-photo-27408060.jpeg
Silk Scarf Mustard,GRS-0062,32,,27,Accessories,Konya Woolworks,Silk Scarf in mustard,Handcrafted silk scarf finished by Anatolian artisans for everyday wear,https://images.pexels.com/photos/34225148/pexels-photo-34225148.jpeg|https://images.pexels.com/photos/36455711/pexels-photo-36455711.jpeg|https://images.pexels.com/photos/36455709/pexels-photo-36455709.jpeg|https://images.pexels.com/photos/27408060/pexels-photo-27408060.jpeg
Silk Scarf Charcoal,GRS-0063,32,,60,Accessories,Konya Woolworks,Silk Scarf in charcoal,Handcrafted silk scarf finished by Anatolian artisans for everyday wear,https://images.pexels.com/photos/34225148/pexels-photo-34225148.jpeg|https://images.pexels.com/photos/36455711/pexels-photo-36455711.jpeg|https://images.pexels.com/photos/36455709/pexels-photo-36455709.jpeg|https://images.pexels.com/photos/27408060/pexels-photo-27408060.jpeg
Silk Scarf Tan,GRS-0064,32,43,33,Accessories,Konya Woolworks,Silk Scarf in tan,Handcrafted silk scarf finished by Anatolian artisans for everyday wear,https://images.pexels.com/photos/34225148/pexels-photo-34225148.jpeg|https://images.pexels.com/photos/36455711/pexels-photo-36455711.jpeg|https://images.pexels.com/photos/36455709/pexels-photo-36455709.jpeg|https://images.pexels.com/photos/27408060/pexels-photo-27408060.jpeg
Wool Beanie Burgundy,GRS-0065,24,,35,Accessories,Ephesus Design House,Wool Beanie in burgundy,Handcrafted wool beanie finished by Anatolian artisans for everyday wear,https://images.pexels.com/photos/2333596/pexels-photo-2333596.jpeg|https://images.pexels.com/photos/9828237/pexels-photo-9828237.jpeg|https://images.pexels.com/photos/7760743/pexels-photo-7760743.jpeg|https://images.pexels.com/photos/38000178/pexels-photo-38000178.jpeg
Wool Beanie Navy,GRS-0066,24,32,53,Accessories,Ephesus Design House,Wool Beanie in navy,Handcrafted wool beanie finished by Anatolian artisans for everyday wear,https://images.pexels.com/photos/2333596/pexels-photo-2333596.jpeg|https://images.pexels.com/photos/9828237/pexels-photo-9828237.jpeg|https://images.pexels.com/photos/7760743/pexels-photo-7760743.jpeg|https://images.pexels.com/photos/38000178/pexels-photo-38000178.jpeg
Wool Beanie Black,GRS-0067,24,,82,Accessories,Ephesus Design House,Wool Beanie in black,Handcrafted wool beanie finished by Anatolian artisans for everyday wear,https://images.pexels.com/photos/2333596/pexels-photo-2333596.jpeg|https://images.pexels.com/photos/9828237/pexels-photo-9828237.jpeg|https://images.pexels.com/photos/7760743/pexels-photo-7760743.jpeg|https://images.pexels.com/photos/38000178/pexels-photo-38000178.jpeg
Wool Beanie Olive,GRS-0068,24,,75,Accessories,Ephesus Design House,Wool Beanie in olive,Handcrafted wool beanie finished by Anatolian artisans for everyday wear,https://images.pexels.com/photos/2333596/pexels-photo-2333596.jpeg|https://images.pexels.com/photos/9828237/pexels-photo-9828237.jpeg|https://images.pexels.com/photos/7760743/pexels-photo-7760743.jpeg|https://images.pexels.com/photos/38000178/pexels-photo-38000178.jpeg
Wool Beanie Cream,GRS-0069,24,32,23,Accessories,Ephesus Design House,Wool Beanie in cream,Handcrafted wool beanie finished by Anatolian artisans for everyday wear,https://images.pexels.com/photos/2333596/pexels-photo-2333596.jpeg|https://images.pexels.com/photos/9828237/pexels-photo-9828237.jpeg|https://images.pexels.com/photos/7760743/pexels-photo-7760743.jpeg|https://images.pexels.com/photos/38000178/pexels-photo-38000178.jpeg
Wool Beanie Mustard,GRS-0070,24,,91,Accessories,Ephesus Design House,Wool Beanie in mustard,Handcrafted wool beanie finished by Anatolian artisans for everyday wear,https://images.pexels.com/photos/2333596/pexels-photo-2333596.jpeg|https://images.pexels.com/photos/9828237/pexels-photo-9828237.jpeg|https://images.pexels.com/photos/7760743/pexels-photo-7760743.jpeg|https://images.pexels.com/photos/38000178/pexels-photo-38000178.jpeg
Wool Beanie Charcoal,GRS-0071,24,,59,Accessories,Ephesus Design House,Wool Beanie in charcoal,Handcrafted wool beanie finished by Anatolian artisans for everyday wear,https://images.pexels.com/photos/2333596/pexels-photo-2333596.jpeg|https://images.pexels.com/photos/9828237/pexels-photo-9828237.jpeg|https://images.pexels.com/photos/7760743/pexels-photo-7760743.jpeg|https://images.pexels.com/photos/38000178/pexels-photo-38000178.jpeg
Wool Beanie Tan,GRS-0072,24,32,31,Accessories,Ephesus Design House,Wool Beanie in tan,Handcrafted wool beanie finished by Anatolian artisans for everyday wear,https://images.pexels.com/photos/2333596/pexels-photo-2333596.jpeg|https://images.pexels.com/photos/9828237/pexels-photo-9828237.jpeg|https://images.pexels.com/photos/7760743/pexels-photo-7760743.jpeg|https://images.pexels.com/photos/38000178/pexels-photo-38000178.jpeg
Leather Belt Burgundy,GRS-0073,45,,35,Accessories,Marmara Mills,Leather Belt in burgundy,Handcrafted leather belt finished by Anatolian artisans for everyday wear,https://images.pexels.com/photos/31959214/pexels-photo-31959214.jpeg|https://images.pexels.com/photos/31959215/pexels-photo-31959215.jpeg|https://images.pexels.com/photos/33495913/pexels-photo-33495913.jpeg|https://images.pexels.com/photos/32498716/pexels-photo-32498716.jpeg
Leather Belt Navy,GRS-0074,45,61,58,Accessories,Marmara Mills,Leather Belt in navy,Handcrafted leather belt finished by Anatolian artisans for everyday wear,https://images.pexels.com/photos/31959214/pexels-photo-31959214.jpeg|https://images.pexels.com/photos/31959215/pexels-photo-31959215.jpeg|https://images.pexels.com/photos/33495913/pexels-photo-33495913.jpeg|https://images.pexels.com/photos/32498716/pexels-photo-32498716.jpeg
Leather Belt Black,GRS-0075,45,,26,Accessories,Marmara Mills,Leather Belt in black,Handcrafted leather belt finished by Anatolian artisans for everyday wear,https://images.pexels.com/photos/31959214/pexels-photo-31959214.jpeg|https://images.pexels.com/photos/31959215/pexels-photo-31959215.jpeg|https://images.pexels.com/photos/33495913/pexels-photo-33495913.jpeg|https://images.pexels.com/photos/32498716/pexels-photo-32498716.jpeg
Leather Belt Olive,GRS-0076,45,,16,Accessories,Marmara Mills,Leather Belt in olive,Handcrafted leather belt finished by Anatolian artisans for everyday wear,https://images.pexels.com/photos/31959214/pexels-photo-31959214.jpeg|https://images.pexels.com/photos/31959215/pexels-photo-31959215.jpeg|https://images.pexels.com/photos/33495913/pexels-photo-33495913.jpeg|https://images.pexels.com/photos/32498716/pexels-photo-32498716.jpeg
Leather Belt Cream,GRS-0077,45,61,28,Accessories,Marmara Mills,Leather Belt in cream,Handcrafted leather belt finished by Anatolian artisans for everyday wear,https://images.pexels.com/photos/31959214/pexels-photo-31959214.jpeg|https://images.pexels.com/photos/31959215/pexels-photo-31959215.jpeg|https://images.pexels.com/photos/33495913/pexels-photo-33495913.jpeg|https://images.pexels.com/photos/32498716/pexels-photo-32498716.jpeg
Leather Belt Mustard,GRS-0078,45,,80,Accessories,Marmara Mills,Leather Belt in mustard,Handcrafted leather belt finished by Anatolian artisans for everyday wear,https://images.pexels.com/photos/31959214/pexels-photo-31959214.jpeg|https://images.pexels.com/photos/31959215/pexels-photo-31959215.jpeg|https://images.pexels.com/photos/33495913/pexels-photo-33495913.jpeg|https://images.pexels.com/photos/32498716/pexels-photo-32498716.jpeg
Leather Belt Charcoal,GRS-0079,45,,88,Accessories,Marmara Mills,Leather Belt in charcoal,Handcrafted leather belt finished by Anatolian artisans for everyday wear,https://images.pexels.com/photos/31959214/pexels-photo-31959214.jpeg|https://images.pexels.com/photos/31959215/pexels-photo-31959215.jpeg|https://images.pexels.com/photos/33495913/pexels-photo-33495913.jpeg|https://images.pexels.com/photos/32498716/pexels-photo-32498716.jpeg
Leather Belt Tan,GRS-0080,45,61,20,Accessories,Marmara Mills,Leather Belt in tan,Handcrafted leather belt finished by Anatolian artisans for everyday wear,https://images.pexels.com/photos/31959214/pexels-photo-31959214.jpeg|https://images.pexels.com/photos/31959215/pexels-photo-31959215.jpeg|https://images.pexels.com/photos/33495913/pexels-photo-33495913.jpeg|https://images.pexels.com/photos/32498716/pexels-photo-32498716.jpeg
Acetate Sunglasses Burgundy,GRS-0081,62,,20,Accessories,Kilim & Co.,Acetate Sunglasses in burgundy,Handcrafted acetate sunglasses finished by Anatolian artisans for everyday wear,https://images.pexels.com/photos/5202048/pexels-photo-5202048.jpeg|https://images.pexels.com/photos/15735139/pexels-photo-15735139.jpeg|https://images.pexels.com/photos/1013482/pexels-photo-1013482.jpeg|https://images.pexels.com/photos/121795/pexels-photo-121795.jpeg
Acetate Sunglasses Navy,GRS-0082,62,84,35,Accessories,Kilim & Co.,Acetate Sunglasses in navy,Handcrafted acetate sunglasses finished by Anatolian artisans for everyday wear,https://images.pexels.com/photos/5202048/pexels-photo-5202048.jpeg|https://images.pexels.com/photos/15735139/pexels-photo-15735139.jpeg|https://images.pexels.com/photos/1013482/pexels-photo-1013482.jpeg|https://images.pexels.com/photos/121795/pexels-photo-121795.jpeg
Acetate Sunglasses Black,GRS-0083,62,,68,Accessories,Kilim & Co.,Acetate Sunglasses in black,Handcrafted acetate sunglasses finished by Anatolian artisans for everyday wear,https://images.pexels.com/photos/5202048/pexels-photo-5202048.jpeg|https://images.pexels.com/photos/15735139/pexels-photo-15735139.jpeg|https://images.pexels.com/photos/1013482/pexels-photo-1013482.jpeg|https://images.pexels.com/photos/121795/pexels-photo-121795.jpeg
Acetate Sunglasses Olive,GRS-0084,62,,91,Accessories,Kilim & Co.,Acetate Sunglasses in olive,Handcrafted acetate sunglasses finished by Anatolian artisans for everyday wear,https://images.pexels.com/photos/5202048/pexels-photo-5202048.jpeg|https://images.pexels.com/photos/15735139/pexels-photo-15735139.jpeg|https://images.pexels.com/photos/1013482/pexels-photo-1013482.jpeg|https://images.pexels.com/photos/121795/pexels-photo-121795.jpeg
Acetate Sunglasses Cream,GRS-0085,62,84,31,Accessories,Kilim & Co.,Acetate Sunglasses in cream,Handcrafted acetate sunglasses finished by Anatolian artisans for everyday wear,https://images.pexels.com/photos/5202048/pexels-photo-5202048.jpeg|https://images.pexels.com/photos/15735139/pexels-photo-15735139.jpeg|https://images.pexels.com/photos/1013482/pexels-photo-1013482.jpeg|https://images.pexels.com/photos/121795/pexels-photo-121795.jpeg
Acetate Sunglasses Mustard,GRS-0086,62,,47,Accessories,Kilim & Co.,Acetate Sunglasses in mustard,Handcrafted acetate sunglasses finished by Anatolian artisans for everyday wear,https://images.pexels.com/photos/5202048/pexels-photo-5202048.jpeg|https://images.pexels.com/photos/15735139/pexels-photo-15735139.jpeg|https://images.pexels.com/photos/1013482/pexels-photo-1013482.jpeg|https://images.pexels.com/photos/121795/pexels-photo-121795.jpeg
Acetate Sunglasses Charcoal,GRS-0087,62,,83,Accessories,Kilim & Co.,Acetate Sunglasses in charcoal,Handcrafted acetate sunglasses finished by Anatolian artisans for everyday wear,https://images.pexels.com/photos/5202048/pexels-photo-5202048.jpeg|https://images.pexels.com/photos/15735139/pexels-photo-15735139.jpeg|https://images.pexels.com/photos/1013482/pexels-photo-1013482.jpeg|https://images.pexels.com/photos/121795/pexels-photo-121795.jpeg
Acetate Sunglasses Tan,GRS-0088,62,84,98,Accessories,Kilim & Co.,Acetate Sunglasses in tan,Handcrafted acetate sunglasses finished by Anatolian artisans for everyday wear,https://images.pexels.com/photos/5202048/pexels-photo-5202048.jpeg|https://images.pexels.com/photos/15735139/pexels-photo-15735139.jpeg|https://images.pexels.com/photos/1013482/pexels-photo-1013482.jpeg|https://images.pexels.com/photos/121795/pexels-photo-121795.jpeg
Gold Drop Earrings Burgundy,GRS-0089,38,,72,Accessories,Troy Leather Co.,Gold Drop Earrings in burgundy,Handcrafted gold drop earrings finished by Anatolian artisans for everyday wear,https://images.pexels.com/photos/37601639/pexels-photo-37601639.jpeg|https://images.pexels.com/photos/27916986/pexels-photo-27916986.jpeg|https://images.pexels.com/photos/34365842/pexels-photo-34365842.jpeg|https://images.pexels.com/photos/33429141/pexels-photo-33429141.jpeg
Gold Drop Earrings Navy,GRS-0090,38,51,96,Accessories,Troy Leather Co.,Gold Drop Earrings in navy,Handcrafted gold drop earrings finished by Anatolian artisans for everyday wear,https://images.pexels.com/photos/37601639/pexels-photo-37601639.jpeg|https://images.pexels.com/photos/27916986/pexels-photo-27916986.jpeg|https://images.pexels.com/photos/34365842/pexels-photo-34365842.jpeg|https://images.pexels.com/photos/33429141/pexels-photo-33429141.jpeg
Gold Drop Earrings Black,GRS-0091,38,,88,Accessories,Troy Leather Co.,Gold Drop Earrings in black,Handcrafted gold drop earrings finished by Anatolian artisans for everyday wear,https://images.pexels.com/photos/37601639/pexels-photo-37601639.jpeg|https://images.pexels.com/photos/27916986/pexels-photo-27916986.jpeg|https://images.pexels.com/photos/34365842/pexels-photo-34365842.jpeg|https://images.pexels.com/photos/33429141/pexels-photo-33429141.jpeg
Gold Drop Earrings Olive,GRS-0092,38,,40,Accessories,Troy Leather Co.,Gold Drop Earrings in olive,Handcrafted gold drop earrings finished by Anatolian artisans for everyday wear,https://images.pexels.com/photos/37601639/pexels-photo-37601639.jpeg|https://images.pexels.com/photos/27916986/pexels-photo-27916986.jpeg|https://images.pexels.com/photos/34365842/pexels-photo-34365842.jpeg|https://images.pexels.com/photos/33429141/pexels-photo-33429141.jpeg
Gold Drop Earrings Cream,GRS-0093,38,51,26,Accessories,Troy Leather Co.,Gold Drop Earrings in cream,Handcrafted gold drop earrings finished by Anatolian artisans for everyday wear,https://images.pexels.com/photos/37601639/pexels-photo-37601639.jpeg|https://images.pexels.com/photos/27916986/pexels-photo-27916986.jpeg|https://images.pexels.com/photos/34365842/pexels-photo-34365842.jpeg|https://images.pexels.com/photos/33429141/pexels-photo-33429141.jpeg
Gold Drop Earrings Mustard,GRS-0094,38,,53,Accessories,Troy Leather Co.,Gold Drop Earrings in mustard,Handcrafted gold drop earrings finished by Anatolian artisans for everyday wear,https://images.pexels.com/photos/37601639/pexels-photo-37601639.jpeg|https://images.pexels.com/photos/27916986/pexels-photo-27916986.jpeg|https://images.pexels.com/photos/34365842/pexels-photo-34365842.jpeg|https://images.pexels.com/photos/33429141/pexels-photo-33429141.jpeg
Gold Drop Earrings Charcoal,GRS-0095,38,,65,Accessories,Troy Leather Co.,Gold Drop Earrings in charcoal,Handcrafted gold drop earrings finished by Anatolian artisans for everyday wear,https://images.pexels.com/photos/37601639/pexels-photo-37601639.jpeg|https://images.pexels.com/photos/27916986/pexels-photo-27916986.jpeg|https://images.pexels.com/photos/34365842/pexels-photo-34365842.jpeg|https://images.pexels.com/photos/33429141/pexels-photo-33429141.jpeg
Gold Drop Earrings Tan,GRS-0096,38,51,88,Accessories,Troy Leather Co.,Gold Drop Earrings in tan,Handcrafted gold drop earrings finished by Anatolian artisans for everyday wear,https://images.pexels.com/photos/37601639/pexels-photo-37601639.jpeg|https://images.pexels.com/photos/27916986/pexels-photo-27916986.jpeg|https://images.pexels.com/photos/34365842/pexels-photo-34365842.jpeg|https://images.pexels.com/photos/33429141/pexels-photo-33429141.jpeg
Canvas Sneakers Burgundy,GRS-0097,54,,16,Footwear,Bursa Atelier,Canvas Sneakers in burgundy,Handcrafted canvas sneakers finished by Anatolian artisans for everyday wear,https://images.pexels.com/photos/12526086/pexels-photo-12526086.jpeg|https://images.pexels.com/photos/19845610/pexels-photo-19845610.jpeg|https://images.pexels.com/photos/8079829/pexels-photo-8079829.jpeg|https://images.pexels.com/photos/5488660/pexels-photo-5488660.jpeg
Canvas Sneakers Navy,GRS-0098,54,73,26,Footwear,Bursa Atelier,Canvas Sneakers in navy,Handcrafted canvas sneakers finished by Anatolian artisans for everyday wear,https://images.pexels.com/photos/12526086/pexels-photo-12526086.jpeg|https://images.pexels.com/photos/19845610/pexels-photo-19845610.jpeg|https://images.pexels.com/photos/8079829/pexels-photo-8079829.jpeg|https://images.pexels.com/photos/5488660/pexels-photo-5488660.jpeg
Canvas Sneakers Black,GRS-0099,54,,93,Footwear,Bursa Atelier,Canvas Sneakers in black,Handcrafted canvas sneakers finished by Anatolian artisans for everyday wear,https://images.pexels.com/photos/12526086/pexels-photo-12526086.jpeg|https://images.pexels.com/photos/19845610/pexels-photo-19845610.jpeg|https://images.pexels.com/photos/8079829/pexels-photo-8079829.jpeg|https://images.pexels.com/photos/5488660/pexels-photo-5488660.jpeg
Canvas Sneakers Olive,GRS-0100,54,,40,Footwear,Bursa Atelier,Canvas Sneakers in olive,Handcrafted canvas sneakers finished by Anatolian artisans for everyday wear,https://images.pexels.com/photos/12526086/pexels-photo-12526086.jpeg|https://images.pexels.com/photos/19845610/pexels-photo-19845610.jpeg|https://images.pexels.com/photos/8079829/pexels-photo-8079829.jpeg|https://images.pexels.com/photos/5488660/pexels-photo-5488660.jpeg
Canvas Sneakers Cream,GRS-0101,54,73,33,Footwear,Bursa Atelier,Canvas Sneakers in cream,Handcrafted canvas sneakers finished by Anatolian artisans for everyday wear,https://images.pexels.com/photos/12526086/pexels-photo-12526086.jpeg|https://images.pexels.com/photos/19845610/pexels-photo-19845610.jpeg|https://images.pexels.com/photos/8079829/pexels-photo-8079829.jpeg|https://images.pexels.com/photos/5488660/pexels-photo-5488660.jpeg
Canvas Sneakers Mustard,GRS-0102,54,,34,Footwear,Bursa Atelier,Canvas Sneakers in mustard,Handcrafted canvas sneakers finished by Anatolian artisans for everyday wear,https://images.pexels.com/photos/12526086/pexels-photo-12526086.jpeg|https://images.pexels.com/photos/19845610/pexels-photo-19845610.jpeg|https://images.pexels.com/photos/8079829/pexels-photo-8079829.jpeg|https://images.pexels.com/photos/5488660/pexels-photo-5488660.jpeg
Canvas Sneakers Charcoal,GRS-0103,54,,89,Footwear,Bursa Atelier,Canvas Sneakers in charcoal,Handcrafted canvas sneakers finished by Anatolian artisans for everyday wear,https://images.pexels.com/photos/12526086/pexels-photo-12526086.jpeg|https://images.pexels.com/photos/19845610/pexels-photo-19845610.jpeg|https://images.pexels.com/photos/8079829/pexels-photo-8079829.jpeg|https://images.pexels.com/photos/5488660/pexels-photo-5488660.jpeg
Canvas Sneakers Tan,GRS-0104,54,73,79,Footwear,Bursa Atelier,Canvas Sneakers in tan,Handcrafted canvas sneakers finished by Anatolian artisans for everyday wear,https://images.pexels.com/photos/12526086/pexels-photo-12526086.jpeg|https://images.pexels.com/photos/19845610/pexels-photo-19845610.jpeg|https://images.pexels.com/photos/8079829/pexels-photo-8079829.jpeg|https://images.pexels.com/photos/5488660/pexels-photo-5488660.jpeg
Leather Boots Burgundy,GRS-0105,98,,68,Footwear,Anatolia Co.,Leather Boots in burgundy,Handcrafted leather boots finished by Anatolian artisans for everyday wear,https://images.pexels.com/photos/27639594/pexels-photo-27639594.jpeg|https://images.pexels.com/photos/37827331/pexels-photo-37827331.jpeg|https://images.pexels.com/photos/31278577/pexels-photo-31278577.jpeg|https://images.pexels.com/photos/27608725/pexels-photo-27608725.jpeg
Leather Boots Navy,GRS-0106,98,132,61,Footwear,Anatolia Co.,Leather Boots in navy,Handcrafted leather boots finished by Anatolian artisans for everyday wear,https://images.pexels.com/photos/27639594/pexels-photo-27639594.jpeg|https://images.pexels.com/photos/37827331/pexels-photo-37827331.jpeg|https://images.pexels.com/photos/31278577/pexels-photo-31278577.jpeg|https://images.pexels.com/photos/27608725/pexels-photo-27608725.jpeg
Leather Boots Black,GRS-0107,98,,83,Footwear,Anatolia Co.,Leather Boots in black,Handcrafted leather boots finished by Anatolian artisans for everyday wear,https://images.pexels.com/photos/27639594/pexels-photo-27639594.jpeg|https://images.pexels.com/photos/37827331/pexels-photo-37827331.jpeg|https://images.pexels.com/photos/31278577/pexels-photo-31278577.jpeg|https://images.pexels.com/photos/27608725/pexels-photo-27608725.jpeg
Leather Boots Olive,GRS-0108,98,,26,Footwear,Anatolia Co.,Leather Boots in olive,Handcrafted leather boots finished by Anatolian artisans for everyday wear,https://images.pexels.com/photos/27639594/pexels-photo-27639594.jpeg|https://images.pexels.com/photos/37827331/pexels-photo-37827331.jpeg|https://images.pexels.com/photos/31278577/pexels-photo-31278577.jpeg|https://images.pexels.com/photos/27608725/pexels-photo-27608725.jpeg
Leather Boots Cream,GRS-0109,98,132,48,Footwear,Anatolia Co.,Leather Boots in cream,Handcrafted leather boots finished by Anatolian artisans for everyday wear,https://images.pexels.com/photos/27639594/pexels-photo-27639594.jpeg|https://images.pexels.com/photos/37827331/pexels-photo-37827331.jpeg|https://images.pexels.com/photos/31278577/pexels-photo-31278577.jpeg|https://images.pexels.com/photos/27608725/pexels-photo-27608725.jpeg
Leather Boots Mustard,GRS-0110,98,,61,Footwear,Anatolia Co.,Leather Boots in mustard,Handcrafted leather boots finished by Anatolian artisans for everyday wear,https://images.pexels.com/photos/27639594/pexels-photo-27639594.jpeg|https://images.pexels.com/photos/37827331/pexels-photo-37827331.jpeg|https://images.pexels.com/photos/31278577/pexels-photo-31278577.jpeg|https://images.pexels.com/photos/27608725/pexels-photo-27608725.jpeg
Leather Boots Charcoal,GRS-0111,98,,53,Footwear,Anatolia Co.,Leather Boots in charcoal,Handcrafted leather boots finished by Anatolian artisans for everyday wear,https://images.pexels.com/photos/27639594/pexels-photo-27639594.jpeg|https://images.pexels.com/photos/37827331/pexels-photo-37827331.jpeg|https://images.pexels.com/photos/31278577/pexels-photo-31278577.jpeg|https://images.pexels.com/photos/27608725/pexels-photo-27608725.jpeg
Leather Boots Tan,GRS-0112,98,132,13,Footwear,Anatolia Co.,Leather Boots in tan,Handcrafted leather boots finished by Anatolian artisans for everyday wear,https://images.pexels.com/photos/27639594/pexels-photo-27639594.jpeg|https://images.pexels.com/photos/37827331/pexels-photo-37827331.jpeg|https://images.pexels.com/photos/31278577/pexels-photo-31278577.jpeg|https://images.pexels.com/photos/27608725/pexels-photo-27608725.jpeg
Leather Sandals Burgundy,GRS-0113,47,,26,Footwear,House label,Leather Sandals in burgundy,Handcrafted leather sandals finished by Anatolian artisans for everyday wear,https://images.pexels.com/photos/31129841/pexels-photo-31129841.jpeg|https://images.pexels.com/photos/23692992/pexels-photo-23692992.jpeg|https://images.pexels.com/photos/31129840/pexels-photo-31129840.jpeg|https://images.pexels.com/photos/26965818/pexels-photo-26965818.jpeg
Leather Sandals Navy,GRS-0114,47,63,82,Footwear,House label,Leather Sandals in navy,Handcrafted leather sandals finished by Anatolian artisans for everyday wear,https://images.pexels.com/photos/31129841/pexels-photo-31129841.jpeg|https://images.pexels.com/photos/23692992/pexels-photo-23692992.jpeg|https://images.pexels.com/photos/31129840/pexels-photo-31129840.jpeg|https://images.pexels.com/photos/26965818/pexels-photo-26965818.jpeg
Leather Sandals Black,GRS-0115,47,,41,Footwear,House label,Leather Sandals in black,Handcrafted leather sandals finished by Anatolian artisans for everyday wear,https://images.pexels.com/photos/31129841/pexels-photo-31129841.jpeg|https://images.pexels.com/photos/23692992/pexels-photo-23692992.jpeg|https://images.pexels.com/photos/31129840/pexels-photo-31129840.jpeg|https://images.pexels.com/photos/26965818/pexels-photo-26965818.jpeg
Leather Sandals Olive,GRS-0116,47,,65,Footwear,House label,Leather Sandals in olive,Handcrafted leather sandals finished by Anatolian artisans for everyday wear,https://images.pexels.com/photos/31129841/pexels-photo-31129841.jpeg|https://images.pexels.com/photos/23692992/pexels-photo-23692992.jpeg|https://images.pexels.com/photos/31129840/pexels-photo-31129840.jpeg|https://images.pexels.com/photos/26965818/pexels-photo-26965818.jpeg
Leather Sandals Cream,GRS-0117,47,63,11,Footwear,House label,Leather Sandals in cream,Handcrafted leather sandals finished by Anatolian artisans for everyday wear,https://images.pexels.com/photos/31129841/pexels-photo-31129841.jpeg|https://images.pexels.com/photos/23692992/pexels-photo-23692992.jpeg|https://images.pexels.com/photos/31129840/pexels-photo-31129840.jpeg|https://images.pexels.com/photos/26965818/pexels-photo-26965818.jpeg
Leather Sandals Mustard,GRS-0118,47,,53,Footwear,House label,Leather Sandals in mustard,Handcrafted leather sandals finished by Anatolian artisans for everyday wear,https://images.pexels.com/photos/31129841/pexels-photo-31129841.jpeg|https://images.pexels.com/photos/23692992/pexels-photo-23692992.jpeg|https://images.pexels.com/photos/31129840/pexels-photo-31129840.jpeg|https://images.pexels.com/photos/26965818/pexels-photo-26965818.jpeg
Leather Sandals Charcoal,GRS-0119,47,,96,Footwear,House label,Leather Sandals in charcoal,Handcrafted leather sandals finished by Anatolian artisans for everyday wear,https://images.pexels.com/photos/31129841/pexels-photo-31129841.jpeg|https://images.pexels.com/photos/23692992/pexels-photo-23692992.jpeg|https://images.pexels.com/photos/31129840/pexels-photo-31129840.jpeg|https://images.pexels.com/photos/26965818/pexels-photo-26965818.jpeg
Leather Sandals Tan,GRS-0120,47,63,20,Footwear,House label,Leather Sandals in tan,Handcrafted leather sandals finished by Anatolian artisans for everyday wear,https://images.pexels.com/photos/31129841/pexels-photo-31129841.jpeg|https://images.pexels.com/photos/23692992/pexels-photo-23692992.jpeg|https://images.pexels.com/photos/31129840/pexels-photo-31129840.jpeg|https://images.pexels.com/photos/26965818/pexels-photo-26965818.jpeg
Suede Loafers Burgundy,GRS-0121,72,,23,Footwear,Aysel Tekstil,Suede Loafers in burgundy,Handcrafted suede loafers finished by Anatolian artisans for everyday wear,https://images.pexels.com/photos/35070982/pexels-photo-35070982.jpeg|https://images.pexels.com/photos/31935097/pexels-photo-31935097.jpeg|https://images.pexels.com/photos/1122605/pexels-photo-1122605.jpeg|https://images.pexels.com/photos/15127353/pexels-photo-15127353.jpeg
Suede Loafers Navy,GRS-0122,72,97,21,Footwear,Aysel Tekstil,Suede Loafers in navy,Handcrafted suede loafers finished by Anatolian artisans for everyday wear,https://images.pexels.com/photos/35070982/pexels-photo-35070982.jpeg|https://images.pexels.com/photos/31935097/pexels-photo-31935097.jpeg|https://images.pexels.com/photos/1122605/pexels-photo-1122605.jpeg|https://images.pexels.com/photos/15127353/pexels-photo-15127353.jpeg
Suede Loafers Black,GRS-0123,72,,96,Footwear,Aysel Tekstil,Suede Loafers in black,Handcrafted suede loafers finished by Anatolian artisans for everyday wear,https://images.pexels.com/photos/35070982/pexels-photo-35070982.jpeg|https://images.pexels.com/photos/31935097/pexels-photo-31935097.jpeg|https://images.pexels.com/photos/1122605/pexels-photo-1122605.jpeg|https://images.pexels.com/photos/15127353/pexels-photo-15127353.jpeg
Suede Loafers Olive,GRS-0124,72,,21,Footwear,Aysel Tekstil,Suede Loafers in olive,Handcrafted suede loafers finished by Anatolian artisans for everyday wear,https://images.pexels.com/photos/35070982/pexels-photo-35070982.jpeg|https://images.pexels.com/photos/31935097/pexels-photo-31935097.jpeg|https://images.pexels.com/photos/1122605/pexels-photo-1122605.jpeg|https://images.pexels.com/photos/15127353/pexels-photo-15127353.jpeg
Suede Loafers Cream,GRS-0125,72,97,63,Footwear,Aysel Tekstil,Suede Loafers in cream,Handcrafted suede loafers finished by Anatolian artisans for everyday wear,https://images.pexels.com/photos/35070982/pexels-photo-35070982.jpeg|https://images.pexels.com/photos/31935097/pexels-photo-31935097.jpeg|https://images.pexels.com/photos/1122605/pexels-photo-1122605.jpeg|https://images.pexels.com/photos/15127353/pexels-photo-15127353.jpeg
Suede Loafers Mustard,GRS-0126,72,,91,Footwear,Aysel Tekstil,Suede Loafers in mustard,Handcrafted suede loafers finished by Anatolian artisans for everyday wear,https://images.pexels.com/photos/35070982/pexels-photo-35070982.jpeg|https://images.pexels.com/photos/31935097/pexels-photo-31935097.jpeg|https://images.pexels.com/photos/1122605/pexels-photo-1122605.jpeg|https://images.pexels.com/photos/15127353/pexels-photo-15127353.jpeg
Suede Loafers Charcoal,GRS-0127,72,,37,Footwear,Aysel Tekstil,Suede Loafers in charcoal,Handcrafted suede loafers finished by Anatolian artisans for everyday wear,https://images.pexels.com/photos/35070982/pexels-photo-35070982.jpeg|https://images.pexels.com/photos/31935097/pexels-photo-31935097.jpeg|https://images.pexels.com/photos/1122605/pexels-photo-1122605.jpeg|https://images.pexels.com/photos/15127353/pexels-photo-15127353.jpeg
Suede Loafers Tan,GRS-0128,72,97,43,Footwear,Aysel Tekstil,Suede Loafers in tan,Handcrafted suede loafers finished by Anatolian artisans for everyday wear,https://images.pexels.com/photos/35070982/pexels-photo-35070982.jpeg|https://images.pexels.com/photos/31935097/pexels-photo-31935097.jpeg|https://images.pexels.com/photos/1122605/pexels-photo-1122605.jpeg|https://images.pexels.com/photos/15127353/pexels-photo-15127353.jpeg
Canvas Espadrilles Burgundy,GRS-0129,39,,33,Footwear,Bosphorus Trading Co.,Canvas Espadrilles in burgundy,Handcrafted canvas espadrilles finished by Anatolian artisans for everyday wear,https://images.pexels.com/photos/7602878/pexels-photo-7602878.jpeg|https://images.pexels.com/photos/8494874/pexels-photo-8494874.jpeg|https://images.pexels.com/photos/7406138/pexels-photo-7406138.jpeg|https://images.pexels.com/photos/35702986/pexels-photo-35702986.jpeg
Canvas Espadrilles Navy,GRS-0130,39,53,94,Footwear,Bosphorus Trading Co.,Canvas Espadrilles in navy,Handcrafted canvas espadrilles finished by Anatolian artisans for everyday wear,https://images.pexels.com/photos/7602878/pexels-photo-7602878.jpeg|https://images.pexels.com/photos/8494874/pexels-photo-8494874.jpeg|https://images.pexels.com/photos/7406138/pexels-photo-7406138.jpeg|https://images.pexels.com/photos/35702986/pexels-photo-35702986.jpeg
Canvas Espadrilles Black,GRS-0131,39,,96,Footwear,Bosphorus Trading Co.,Canvas Espadrilles in black,Handcrafted canvas espadrilles finished by Anatolian artisans for everyday wear,https://images.pexels.com/photos/7602878/pexels-photo-7602878.jpeg|https://images.pexels.com/photos/8494874/pexels-photo-8494874.jpeg|https://images.pexels.com/photos/7406138/pexels-photo-7406138.jpeg|https://images.pexels.com/photos/35702986/pexels-photo-35702986.jpeg
Canvas Espadrilles Olive,GRS-0132,39,,85,Footwear,Bosphorus Trading Co.,Canvas Espadrilles in olive,Handcrafted canvas espadrilles finished by Anatolian artisans for everyday wear,https://images.pexels.com/photos/7602878/pexels-photo-7602878.jpeg|https://images.pexels.com/photos/8494874/pexels-photo-8494874.jpeg|https://images.pexels.com/photos/7406138/pexels-photo-7406138.jpeg|https://images.pexels.com/photos/35702986/pexels-photo-35702986.jpeg
Canvas Espadrilles Cream,GRS-0133,39,53,69,Footwear,Bosphorus Trading Co.,Canvas Espadrilles in cream,Handcrafted canvas espadrilles finished by Anatolian artisans for everyday wear,https://images.pexels.com/photos/7602878/pexels-photo-7602878.jpeg|https://images.pexels.com/photos/8494874/pexels-photo-8494874.jpeg|https://images.pexels.com/photos/7406138/pexels-photo-7406138.jpeg|https://images.pexels.com/photos/35702986/pexels-photo-35702986.jpeg
Canvas Espadrilles Mustard,GRS-0134,39,,32,Footwear,Bosphorus Trading Co.,Canvas Espadrilles in mustard,Handcrafted canvas espadrilles finished by Anatolian artisans for everyday wear,https://images.pexels.com/photos/7602878/pexels-photo-7602878.jpeg|https://images.pexels.com/photos/8494874/pexels-photo-8494874.jpeg|https://images.pexels.com/photos/7406138/pexels-photo-7406138.jpeg|https://images.pexels.com/photos/35702986/pexels-photo-35702986.jpeg
Canvas Espadrilles Charcoal,GRS-0135,39,,71,Footwear,Bosphorus Trading Co.,Canvas Espadrilles in charcoal,Handcrafted canvas espadrilles finished by Anatolian artisans for everyday wear,https://images.pexels.com/photos/7602878/pexels-photo-7602878.jpeg|https://images.pexels.com/photos/8494874/pexels-photo-8494874.jpeg|https://images.pexels.com/photos/7406138/pexels-photo-7406138.jpeg|https://images.pexels.com/photos/35702986/pexels-photo-35702986.jpeg
Canvas Espadrilles Tan,GRS-0136,39,53,70,Footwear,Bosphorus Trading Co.,Canvas Espadrilles in tan,Handcrafted canvas espadrilles finished by Anatolian artisans for everyday wear,https://images.pexels.com/photos/7602878/pexels-photo-7602878.jpeg|https://images.pexels.com/photos/8494874/pexels-photo-8494874.jpeg|https://images.pexels.com/photos/7406138/pexels-photo-7406138.jpeg|https://images.pexels.com/photos/35702986/pexels-photo-35702986.jpeg
Silk Crossbody Bag Burgundy,GRS-0137,67,,86,Bags & leather goods,Cappadocia Crafts,Silk Crossbody Bag in burgundy,Handcrafted silk crossbody bag finished by Anatolian artisans for everyday wear,https://images.pexels.com/photos/27204287/pexels-photo-27204287.jpeg|https://images.pexels.com/photos/27204288/pexels-photo-27204288.jpeg|https://images.pexels.com/photos/22432981/pexels-photo-22432981.jpeg|https://images.pexels.com/photos/26965805/pexels-photo-26965805.jpeg
Silk Crossbody Bag Navy,GRS-0138,67,90,52,Bags & leather goods,Cappadocia Crafts,Silk Crossbody Bag in navy,Handcrafted silk crossbody bag finished by Anatolian artisans for everyday wear,https://images.pexels.com/photos/27204287/pexels-photo-27204287.jpeg|https://images.pexels.com/photos/27204288/pexels-photo-27204288.jpeg|https://images.pexels.com/photos/22432981/pexels-photo-22432981.jpeg|https://images.pexels.com/photos/26965805/pexels-photo-26965805.jpeg
Silk Crossbody Bag Black,GRS-0139,67,,82,Bags & leather goods,Cappadocia Crafts,Silk Crossbody Bag in black,Handcrafted silk crossbody bag finished by Anatolian artisans for everyday wear,https://images.pexels.com/photos/27204287/pexels-photo-27204287.jpeg|https://images.pexels.com/photos/27204288/pexels-photo-27204288.jpeg|https://images.pexels.com/photos/22432981/pexels-photo-22432981.jpeg|https://images.pexels.com/photos/26965805/pexels-photo-26965805.jpeg
Silk Crossbody Bag Olive,GRS-0140,67,,45,Bags & leather goods,Cappadocia Crafts,Silk Crossbody Bag in olive,Handcrafted silk crossbody bag finished by Anatolian artisans for everyday wear,https://images.pexels.com/photos/27204287/pexels-photo-27204287.jpeg|https://images.pexels.com/photos/27204288/pexels-photo-27204288.jpeg|https://images.pexels.com/photos/22432981/pexels-photo-22432981.jpeg|https://images.pexels.com/photos/26965805/pexels-photo-26965805.jpeg
Silk Crossbody Bag Cream,GRS-0141,67,90,74,Bags & leather goods,Cappadocia Crafts,Silk Crossbody Bag in cream,Handcrafted silk crossbody bag finished by Anatolian artisans for everyday wear,https://images.pexels.com/photos/27204287/pexels-photo-27204287.jpeg|https://images.pexels.com/photos/27204288/pexels-photo-27204288.jpeg|https://images.pexels.com/photos/22432981/pexels-photo-22432981.jpeg|https://images.pexels.com/photos/26965805/pexels-photo-26965805.jpeg
Silk Crossbody Bag Mustard,GRS-0142,67,,14,Bags & leather goods,Cappadocia Crafts,Silk Crossbody Bag in mustard,Handcrafted silk crossbody bag finished by Anatolian artisans for everyday wear,https://images.pexels.com/photos/27204287/pexels-photo-27204287.jpeg|https://images.pexels.com/photos/27204288/pexels-photo-27204288.jpeg|https://images.pexels.com/photos/22432981/pexels-photo-22432981.jpeg|https://images.pexels.com/photos/26965805/pexels-photo-26965805.jpeg
Silk Crossbody Bag Charcoal,GRS-0143,67,,59,Bags & leather goods,Cappadocia Crafts,Silk Crossbody Bag in charcoal,Handcrafted silk crossbody bag finished by Anatolian artisans for everyday wear,https://images.pexels.com/photos/27204287/pexels-photo-27204287.jpeg|https://images.pexels.com/photos/27204288/pexels-photo-27204288.jpeg|https://images.pexels.com/photos/22432981/pexels-photo-22432981.jpeg|https://images.pexels.com/photos/26965805/pexels-photo-26965805.jpeg
Silk Crossbody Bag Tan,GRS-0144,67,90,80,Bags & leather goods,Cappadocia Crafts,Silk Crossbody Bag in tan,Handcrafted silk crossbody bag finished by Anatolian artisans for everyday wear,https://images.pexels.com/photos/27204287/pexels-photo-27204287.jpeg|https://images.pexels.com/photos/27204288/pexels-photo-27204288.jpeg|https://images.pexels.com/photos/22432981/pexels-photo-22432981.jpeg|https://images.pexels.com/photos/26965805/pexels-photo-26965805.jpeg
Canvas Tote Bag Burgundy,GRS-0145,58,,50,Bags & leather goods,Izmir Leather Works,Canvas Tote Bag in burgundy,Handcrafted canvas tote bag finished by Anatolian artisans for everyday wear,https://images.pexels.com/photos/17836626/pexels-photo-17836626.jpeg|https://images.pexels.com/photos/34393372/pexels-photo-34393372.jpeg|https://images.pexels.com/photos/19091736/pexels-photo-19091736.jpeg|https://images.pexels.com/photos/1214212/pexels-photo-1214212.jpeg
Canvas Tote Bag Navy,GRS-0146,58,78,72,Bags & leather goods,Izmir Leather Works,Canvas Tote Bag in navy,Handcrafted canvas tote bag finished by Anatolian artisans for everyday wear,https://images.pexels.com/photos/17836626/pexels-photo-17836626.jpeg|https://images.pexels.com/photos/34393372/pexels-photo-34393372.jpeg|https://images.pexels.com/photos/19091736/pexels-photo-19091736.jpeg|https://images.pexels.com/photos/1214212/pexels-photo-1214212.jpeg
Canvas Tote Bag Black,GRS-0147,58,,49,Bags & leather goods,Izmir Leather Works,Canvas Tote Bag in black,Handcrafted canvas tote bag finished by Anatolian artisans for everyday wear,https://images.pexels.com/photos/17836626/pexels-photo-17836626.jpeg|https://images.pexels.com/photos/34393372/pexels-photo-34393372.jpeg|https://images.pexels.com/photos/19091736/pexels-photo-19091736.jpeg|https://images.pexels.com/photos/1214212/pexels-photo-1214212.jpeg
Canvas Tote Bag Olive,GRS-0148,58,,69,Bags & leather goods,Izmir Leather Works,Canvas Tote Bag in olive,Handcrafted canvas tote bag finished by Anatolian artisans for everyday wear,https://images.pexels.com/photos/17836626/pexels-photo-17836626.jpeg|https://images.pexels.com/photos/34393372/pexels-photo-34393372.jpeg|https://images.pexels.com/photos/19091736/pexels-photo-19091736.jpeg|https://images.pexels.com/photos/1214212/pexels-photo-1214212.jpeg
Canvas Tote Bag Cream,GRS-0149,58,78,56,Bags & leather goods,Izmir Leather Works,Canvas Tote Bag in cream,Handcrafted canvas tote bag finished by Anatolian artisans for everyday wear,https://images.pexels.com/photos/17836626/pexels-photo-17836626.jpeg|https://images.pexels.com/photos/34393372/pexels-photo-34393372.jpeg|https://images.pexels.com/photos/19091736/pexels-photo-19091736.jpeg|https://images.pexels.com/photos/1214212/pexels-photo-1214212.jpeg
Canvas Tote Bag Mustard,GRS-0150,58,,31,Bags & leather goods,Izmir Leather Works,Canvas Tote Bag in mustard,Handcrafted canvas tote bag finished by Anatolian artisans for everyday wear,https://images.pexels.com/photos/17836626/pexels-photo-17836626.jpeg|https://images.pexels.com/photos/34393372/pexels-photo-34393372.jpeg|https://images.pexels.com/photos/19091736/pexels-photo-19091736.jpeg|https://images.pexels.com/photos/1214212/pexels-photo-1214212.jpeg
Canvas Tote Bag Charcoal,GRS-0151,58,,54,Bags & leather goods,Izmir Leather Works,Canvas Tote Bag in charcoal,Handcrafted canvas tote bag finished by Anatolian artisans for everyday wear,https://images.pexels.com/photos/17836626/pexels-photo-17836626.jpeg|https://images.pexels.com/photos/34393372/pexels-photo-34393372.jpeg|https://images.pexels.com/photos/19091736/pexels-photo-19091736.jpeg|https://images.pexels.com/photos/1214212/pexels-photo-1214212.jpeg
Canvas Tote Bag Tan,GRS-0152,58,78,28,Bags & leather goods,Izmir Leather Works,Canvas Tote Bag in tan,Handcrafted canvas tote bag finished by Anatolian artisans for everyday wear,https://images.pexels.com/photos/17836626/pexels-photo-17836626.jpeg|https://images.pexels.com/photos/34393372/pexels-photo-34393372.jpeg|https://images.pexels.com/photos/19091736/pexels-photo-19091736.jpeg|https://images.pexels.com/photos/1214212/pexels-photo-1214212.jpeg
Leather Backpack Burgundy,GRS-0153,89,,10,Bags & leather goods,Konya Woolworks,Leather Backpack in burgundy,Handcrafted leather backpack finished by Anatolian artisans for everyday wear,https://images.pexels.com/photos/4712174/pexels-photo-4712174.jpeg|https://images.pexels.com/photos/9088788/pexels-photo-9088788.jpeg|https://images.pexels.com/photos/12032822/pexels-photo-12032822.jpeg
Leather Backpack Navy,GRS-0154,89,120,81,Bags & leather goods,Konya Woolworks,Leather Backpack in navy,Handcrafted leather backpack finished by Anatolian artisans for everyday wear,https://images.pexels.com/photos/4712174/pexels-photo-4712174.jpeg|https://images.pexels.com/photos/9088788/pexels-photo-9088788.jpeg|https://images.pexels.com/photos/12032822/pexels-photo-12032822.jpeg
Leather Backpack Black,GRS-0155,89,,89,Bags & leather goods,Konya Woolworks,Leather Backpack in black,Handcrafted leather backpack finished by Anatolian artisans for everyday wear,https://images.pexels.com/photos/4712174/pexels-photo-4712174.jpeg|https://images.pexels.com/photos/9088788/pexels-photo-9088788.jpeg|https://images.pexels.com/photos/12032822/pexels-photo-12032822.jpeg
Leather Backpack Olive,GRS-0156,89,,23,Bags & leather goods,Konya Woolworks,Leather Backpack in olive,Handcrafted leather backpack finished by Anatolian artisans for everyday wear,https://images.pexels.com/photos/4712174/pexels-photo-4712174.jpeg|https://images.pexels.com/photos/9088788/pexels-photo-9088788.jpeg|https://images.pexels.com/photos/12032822/pexels-photo-12032822.jpeg
Leather Backpack Cream,GRS-0157,89,120,56,Bags & leather goods,Konya Woolworks,Leather Backpack in cream,Handcrafted leather backpack finished by Anatolian artisans for everyday wear,https://images.pexels.com/photos/4712174/pexels-photo-4712174.jpeg|https://images.pexels.com/photos/9088788/pexels-photo-9088788.jpeg|https://images.pexels.com/photos/12032822/pexels-photo-12032822.jpeg
Leather Backpack Mustard,GRS-0158,89,,31,Bags & leather goods,Konya Woolworks,Leather Backpack in mustard,Handcrafted leather backpack finished by Anatolian artisans for everyday wear,https://images.pexels.com/photos/4712174/pexels-photo-4712174.jpeg|https://images.pexels.com/photos/9088788/pexels-photo-9088788.jpeg|https://images.pexels.com/photos/12032822/pexels-photo-12032822.jpeg
Leather Backpack Charcoal,GRS-0159,89,,27,Bags & leather goods,Konya Woolworks,Leather Backpack in charcoal,Handcrafted leather backpack finished by Anatolian artisans for everyday wear,https://images.pexels.com/photos/4712174/pexels-photo-4712174.jpeg|https://images.pexels.com/photos/9088788/pexels-photo-9088788.jpeg|https://images.pexels.com/photos/12032822/pexels-photo-12032822.jpeg
Leather Backpack Tan,GRS-0160,89,120,32,Bags & leather goods,Konya Woolworks,Leather Backpack in tan,Handcrafted leather backpack finished by Anatolian artisans for everyday wear,https://images.pexels.com/photos/4712174/pexels-photo-4712174.jpeg|https://images.pexels.com/photos/9088788/pexels-photo-9088788.jpeg|https://images.pexels.com/photos/12032822/pexels-photo-12032822.jpeg
Leather Wallet Burgundy,GRS-0161,42,,92,Bags & leather goods,Ephesus Design House,Leather Wallet in burgundy,Handcrafted leather wallet finished by Anatolian artisans for everyday wear,https://images.pexels.com/photos/7952556/pexels-photo-7952556.jpeg|https://images.pexels.com/photos/33428339/pexels-photo-33428339.jpeg|https://images.pexels.com/photos/4452399/pexels-photo-4452399.jpeg|https://images.pexels.com/photos/6651193/pexels-photo-6651193.jpeg
Leather Wallet Navy,GRS-0162,42,57,54,Bags & leather goods,Ephesus Design House,Leather Wallet in navy,Handcrafted leather wallet finished by Anatolian artisans for everyday wear,https://images.pexels.com/photos/7952556/pexels-photo-7952556.jpeg|https://images.pexels.com/photos/33428339/pexels-photo-33428339.jpeg|https://images.pexels.com/photos/4452399/pexels-photo-4452399.jpeg|https://images.pexels.com/photos/6651193/pexels-photo-6651193.jpeg
Leather Wallet Black,GRS-0163,42,,90,Bags & leather goods,Ephesus Design House,Leather Wallet in black,Handcrafted leather wallet finished by Anatolian artisans for everyday wear,https://images.pexels.com/photos/7952556/pexels-photo-7952556.jpeg|https://images.pexels.com/photos/33428339/pexels-photo-33428339.jpeg|https://images.pexels.com/photos/4452399/pexels-photo-4452399.jpeg|https://images.pexels.com/photos/6651193/pexels-photo-6651193.jpeg
Leather Wallet Olive,GRS-0164,42,,39,Bags & leather goods,Ephesus Design House,Leather Wallet in olive,Handcrafted leather wallet finished by Anatolian artisans for everyday wear,https://images.pexels.com/photos/7952556/pexels-photo-7952556.jpeg|https://images.pexels.com/photos/33428339/pexels-photo-33428339.jpeg|https://images.pexels.com/photos/4452399/pexels-photo-4452399.jpeg|https://images.pexels.com/photos/6651193/pexels-photo-6651193.jpeg
Leather Wallet Cream,GRS-0165,42,57,97,Bags & leather goods,Ephesus Design House,Leather Wallet in cream,Handcrafted leather wallet finished by Anatolian artisans for everyday wear,https://images.pexels.com/photos/7952556/pexels-photo-7952556.jpeg|https://images.pexels.com/photos/33428339/pexels-photo-33428339.jpeg|https://images.pexels.com/photos/4452399/pexels-photo-4452399.jpeg|https://images.pexels.com/photos/6651193/pexels-photo-6651193.jpeg
Leather Wallet Mustard,GRS-0166,42,,92,Bags & leather goods,Ephesus Design House,Leather Wallet in mustard,Handcrafted leather wallet finished by Anatolian artisans for everyday wear,https://images.pexels.com/photos/7952556/pexels-photo-7952556.jpeg|https://images.pexels.com/photos/33428339/pexels-photo-33428339.jpeg|https://images.pexels.com/photos/4452399/pexels-photo-4452399.jpeg|https://images.pexels.com/photos/6651193/pexels-photo-6651193.jpeg
Leather Wallet Charcoal,GRS-0167,42,,54,Bags & leather goods,Ephesus Design House,Leather Wallet in charcoal,Handcrafted leather wallet finished by Anatolian artisans for everyday wear,https://images.pexels.com/photos/7952556/pexels-photo-7952556.jpeg|https://images.pexels.com/photos/33428339/pexels-photo-33428339.jpeg|https://images.pexels.com/photos/4452399/pexels-photo-4452399.jpeg|https://images.pexels.com/photos/6651193/pexels-photo-6651193.jpeg
Leather Wallet Tan,GRS-0168,42,57,34,Bags & leather goods,Ephesus Design House,Leather Wallet in tan,Handcrafted leather wallet finished by Anatolian artisans for everyday wear,https://images.pexels.com/photos/7952556/pexels-photo-7952556.jpeg|https://images.pexels.com/photos/33428339/pexels-photo-33428339.jpeg|https://images.pexels.com/photos/4452399/pexels-photo-4452399.jpeg|https://images.pexels.com/photos/6651193/pexels-photo-6651193.jpeg
Suede Clutch Bag Burgundy,GRS-0169,55,,10,Bags & leather goods,Marmara Mills,Suede Clutch Bag in burgundy,Handcrafted suede clutch bag finished by Anatolian artisans for everyday wear,https://images.pexels.com/photos/28028348/pexels-photo-28028348.jpeg|https://images.pexels.com/photos/30975790/pexels-photo-30975790.jpeg|https://images.pexels.com/photos/13596376/pexels-photo-13596376.jpeg|https://images.pexels.com/photos/20591024/pexels-photo-20591024.jpeg
Suede Clutch Bag Navy,GRS-0170,55,74,54,Bags & leather goods,Marmara Mills,Suede Clutch Bag in navy,Handcrafted suede clutch bag finished by Anatolian artisans for everyday wear,https://images.pexels.com/photos/28028348/pexels-photo-28028348.jpeg|https://images.pexels.com/photos/30975790/pexels-photo-30975790.jpeg|https://images.pexels.com/photos/13596376/pexels-photo-13596376.jpeg|https://images.pexels.com/photos/20591024/pexels-photo-20591024.jpeg
Suede Clutch Bag Black,GRS-0171,55,,91,Bags & leather goods,Marmara Mills,Suede Clutch Bag in black,Handcrafted suede clutch bag finished by Anatolian artisans for everyday wear,https://images.pexels.com/photos/28028348/pexels-photo-28028348.jpeg|https://images.pexels.com/photos/30975790/pexels-photo-30975790.jpeg|https://images.pexels.com/photos/13596376/pexels-photo-13596376.jpeg|https://images.pexels.com/photos/20591024/pexels-photo-20591024.jpeg
Suede Clutch Bag Olive,GRS-0172,55,,63,Bags & leather goods,Marmara Mills,Suede Clutch Bag in olive,Handcrafted suede clutch bag finished by Anatolian artisans for everyday wear,https://images.pexels.com/photos/28028348/pexels-photo-28028348.jpeg|https://images.pexels.com/photos/30975790/pexels-photo-30975790.jpeg|https://images.pexels.com/photos/13596376/pexels-photo-13596376.jpeg|https://images.pexels.com/photos/20591024/pexels-photo-20591024.jpeg
Suede Clutch Bag Cream,GRS-0173,55,74,90,Bags & leather goods,Marmara Mills,Suede Clutch Bag in cream,Handcrafted suede clutch bag finished by Anatolian artisans for everyday wear,https://images.pexels.com/photos/28028348/pexels-photo-28028348.jpeg|https://images.pexels.com/photos/30975790/pexels-photo-30975790.jpeg|https://images.pexels.com/photos/13596376/pexels-photo-13596376.jpeg|https://images.pexels.com/photos/20591024/pexels-photo-20591024.jpeg
Suede Clutch Bag Mustard,GRS-0174,55,,44,Bags & leather goods,Marmara Mills,Suede Clutch Bag in mustard,Handcrafted suede clutch bag finished by Anatolian artisans for everyday wear,https://images.pexels.com/photos/28028348/pexels-photo-28028348.jpeg|https://images.pexels.com/photos/30975790/pexels-photo-30975790.jpeg|https://images.pexels.com/photos/13596376/pexels-photo-13596376.jpeg|https://images.pexels.com/photos/20591024/pexels-photo-20591024.jpeg
Suede Clutch Bag Charcoal,GRS-0175,55,,68,Bags & leather goods,Marmara Mills,Suede Clutch Bag in charcoal,Handcrafted suede clutch bag finished by Anatolian artisans for everyday wear,https://images.pexels.com/photos/28028348/pexels-photo-28028348.jpeg|https://images.pexels.com/photos/30975790/pexels-photo-30975790.jpeg|https://images.pexels.com/photos/13596376/pexels-photo-13596376.jpeg|https://images.pexels.com/photos/20591024/pexels-photo-20591024.jpeg
Suede Clutch Bag Tan,GRS-0176,55,74,57,Bags & leather goods,Marmara Mills,Suede Clutch Bag in tan,Handcrafted suede clutch bag finished by Anatolian artisans for everyday wear,https://images.pexels.com/photos/28028348/pexels-photo-28028348.jpeg|https://images.pexels.com/photos/30975790/pexels-photo-30975790.jpeg|https://images.pexels.com/photos/13596376/pexels-photo-13596376.jpeg|https://images.pexels.com/photos/20591024/pexels-photo-20591024.jpeg
Suede Shirt Burgundy,GRS-0177,80,,90,Apparel & clothing,Kilim & Co.,Suede Shirt in burgundy,Handcrafted suede shirt finished by Anatolian artisans for everyday wear,https://images.pexels.com/photos/9594952/pexels-photo-9594952.jpeg|https://images.pexels.com/photos/35150391/pexels-photo-35150391.jpeg|https://images.pexels.com/photos/22441292/pexels-photo-22441292.jpeg|https://images.pexels.com/photos/9594940/pexels-photo-9594940.jpeg
Suede Shirt Navy,GRS-0178,80,108,77,Apparel & clothing,Kilim & Co.,Suede Shirt in navy,Handcrafted suede shirt finished by Anatolian artisans for everyday wear,https://images.pexels.com/photos/9594952/pexels-photo-9594952.jpeg|https://images.pexels.com/photos/35150391/pexels-photo-35150391.jpeg|https://images.pexels.com/photos/22441292/pexels-photo-22441292.jpeg|https://images.pexels.com/photos/9594940/pexels-photo-9594940.jpeg
Suede Shirt Black,GRS-0179,80,,29,Apparel & clothing,Kilim & Co.,Suede Shirt in black,Handcrafted suede shirt finished by Anatolian artisans for everyday wear,https://images.pexels.com/photos/9594952/pexels-photo-9594952.jpeg|https://images.pexels.com/photos/35150391/pexels-photo-35150391.jpeg|https://images.pexels.com/photos/22441292/pexels-photo-22441292.jpeg|https://images.pexels.com/photos/9594940/pexels-photo-9594940.jpeg
Suede Shirt Olive,GRS-0180,80,,52,Apparel & clothing,Kilim & Co.,Suede Shirt in olive,Handcrafted suede shirt finished by Anatolian artisans for everyday wear,https://images.pexels.com/photos/9594952/pexels-photo-9594952.jpeg|https://images.pexels.com/photos/35150391/pexels-photo-35150391.jpeg|https://images.pexels.com/photos/22441292/pexels-photo-22441292.jpeg|https://images.pexels.com/photos/9594940/pexels-photo-9594940.jpeg
Suede Shirt Cream,GRS-0181,80,108,53,Apparel & clothing,Kilim & Co.,Suede Shirt in cream,Handcrafted suede shirt finished by Anatolian artisans for everyday wear,https://images.pexels.com/photos/9594952/pexels-photo-9594952.jpeg|https://images.pexels.com/photos/35150391/pexels-photo-35150391.jpeg|https://images.pexels.com/photos/22441292/pexels-photo-22441292.jpeg|https://images.pexels.com/photos/9594940/pexels-photo-9594940.jpeg
Suede Shirt Mustard,GRS-0182,80,,27,Apparel & clothing,Kilim & Co.,Suede Shirt in mustard,Handcrafted suede shirt finished by Anatolian artisans for everyday wear,https://images.pexels.com/photos/9594952/pexels-photo-9594952.jpeg|https://images.pexels.com/photos/35150391/pexels-photo-35150391.jpeg|https://images.pexels.com/photos/22441292/pexels-photo-22441292.jpeg|https://images.pexels.com/photos/9594940/pexels-photo-9594940.jpeg
Suede Shirt Charcoal,GRS-0183,80,,82,Apparel & clothing,Kilim & Co.,Suede Shirt in charcoal,Handcrafted suede shirt finished by Anatolian artisans for everyday wear,https://images.pexels.com/photos/9594952/pexels-photo-9594952.jpeg|https://images.pexels.com/photos/35150391/pexels-photo-35150391.jpeg|https://images.pexels.com/photos/22441292/pexels-photo-22441292.jpeg|https://images.pexels.com/photos/9594940/pexels-photo-9594940.jpeg
Suede Shirt Tan,GRS-0184,80,108,85,Apparel & clothing,Kilim & Co.,Suede Shirt in tan,Handcrafted suede shirt finished by Anatolian artisans for everyday wear,https://images.pexels.com/photos/9594952/pexels-photo-9594952.jpeg|https://images.pexels.com/photos/35150391/pexels-photo-35150391.jpeg|https://images.pexels.com/photos/22441292/pexels-photo-22441292.jpeg|https://images.pexels.com/photos/9594940/pexels-photo-9594940.jpeg
Linen Dress Burgundy,GRS-0185,76,,29,Apparel & clothing,Troy Leather Co.,Linen Dress in burgundy,Handcrafted linen dress finished by Anatolian artisans for everyday wear,https://images.pexels.com/photos/29762904/pexels-photo-29762904.jpeg|https://images.pexels.com/photos/31649718/pexels-photo-31649718.jpeg|https://images.pexels.com/photos/4589213/pexels-photo-4589213.jpeg|https://images.pexels.com/photos/28232221/pexels-photo-28232221.jpeg
Linen Dress Navy,GRS-0186,76,103,78,Apparel & clothing,Troy Leather Co.,Linen Dress in navy,Handcrafted linen dress finished by Anatolian artisans for everyday wear,https://images.pexels.com/photos/29762904/pexels-photo-29762904.jpeg|https://images.pexels.com/photos/31649718/pexels-photo-31649718.jpeg|https://images.pexels.com/photos/4589213/pexels-photo-4589213.jpeg|https://images.pexels.com/photos/28232221/pexels-photo-28232221.jpeg
Linen Dress Black,GRS-0187,76,,36,Apparel & clothing,Troy Leather Co.,Linen Dress in black,Handcrafted linen dress finished by Anatolian artisans for everyday wear,https://images.pexels.com/photos/29762904/pexels-photo-29762904.jpeg|https://images.pexels.com/photos/31649718/pexels-photo-31649718.jpeg|https://images.pexels.com/photos/4589213/pexels-photo-4589213.jpeg|https://images.pexels.com/photos/28232221/pexels-photo-28232221.jpeg
Linen Dress Olive,GRS-0188,76,,78,Apparel & clothing,Troy Leather Co.,Linen Dress in olive,Handcrafted linen dress finished by Anatolian artisans for everyday wear,https://images.pexels.com/photos/29762904/pexels-photo-29762904.jpeg|https://images.pexels.com/photos/31649718/pexels-photo-31649718.jpeg|https://images.pexels.com/photos/4589213/pexels-photo-4589213.jpeg|https://images.pexels.com/photos/28232221/pexels-photo-28232221.jpeg
Linen Dress Cream,GRS-0189,76,103,26,Apparel & clothing,Troy Leather Co.,Linen Dress in cream,Handcrafted linen dress finished by Anatolian artisans for everyday wear,https://images.pexels.com/photos/29762904/pexels-photo-29762904.jpeg|https://images.pexels.com/photos/31649718/pexels-photo-31649718.jpeg|https://images.pexels.com/photos/4589213/pexels-photo-4589213.jpeg|https://images.pexels.com/photos/28232221/pexels-photo-28232221.jpeg
Linen Dress Mustard,GRS-0190,76,,99,Apparel & clothing,Troy Leather Co.,Linen Dress in mustard,Handcrafted linen dress finished by Anatolian artisans for everyday wear,https://images.pexels.com/photos/29762904/pexels-photo-29762904.jpeg|https://images.pexels.com/photos/31649718/pexels-photo-31649718.jpeg|https://images.pexels.com/photos/4589213/pexels-photo-4589213.jpeg|https://images.pexels.com/photos/28232221/pexels-photo-28232221.jpeg
Linen Dress Charcoal,GRS-0191,76,,17,Apparel & clothing,Troy Leather Co.,Linen Dress in charcoal,Handcrafted linen dress finished by Anatolian artisans for everyday wear,https://images.pexels.com/photos/29762904/pexels-photo-29762904.jpeg|https://images.pexels.com/photos/31649718/pexels-photo-31649718.jpeg|https://images.pexels.com/photos/4589213/pexels-photo-4589213.jpeg|https://images.pexels.com/photos/28232221/pexels-photo-28232221.jpeg
Linen Dress Tan,GRS-0192,76,103,65,Apparel & clothing,Troy Leather Co.,Linen Dress in tan,Handcrafted linen dress finished by Anatolian artisans for everyday wear,https://images.pexels.com/photos/29762904/pexels-photo-29762904.jpeg|https://images.pexels.com/photos/31649718/pexels-photo-31649718.jpeg|https://images.pexels.com/photos/4589213/pexels-photo-4589213.jpeg|https://images.pexels.com/photos/28232221/pexels-photo-28232221.jpeg
Denim Jacket Burgundy,GRS-0193,95,,49,Apparel & clothing,Bursa Atelier,Denim Jacket in burgundy,Handcrafted denim jacket finished by Anatolian artisans for everyday wear,https://images.pexels.com/photos/36607477/pexels-photo-36607477.jpeg|https://images.pexels.com/photos/34366695/pexels-photo-34366695.jpeg|https://images.pexels.com/photos/5524406/pexels-photo-5524406.jpeg|https://images.pexels.com/photos/32085693/pexels-photo-32085693.jpeg
Denim Jacket Navy,GRS-0194,95,128,22,Apparel & clothing,Bursa Atelier,Denim Jacket in navy,Handcrafted denim jacket finished by Anatolian artisans for everyday wear,https://images.pexels.com/photos/36607477/pexels-photo-36607477.jpeg|https://images.pexels.com/photos/34366695/pexels-photo-34366695.jpeg|https://images.pexels.com/photos/5524406/pexels-photo-5524406.jpeg|https://images.pexels.com/photos/32085693/pexels-photo-32085693.jpeg
Denim Jacket Black,GRS-0195,95,,59,Apparel & clothing,Bursa Atelier,Denim Jacket in black,Handcrafted denim jacket finished by Anatolian artisans for everyday wear,https://images.pexels.com/photos/36607477/pexels-photo-36607477.jpeg|https://images.pexels.com/photos/34366695/pexels-photo-34366695.jpeg|https://images.pexels.com/photos/5524406/pexels-photo-5524406.jpeg|https://images.pexels.com/photos/32085693/pexels-photo-32085693.jpeg
Denim Jacket Olive,GRS-0196,95,,37,Apparel & clothing,Bursa Atelier,Denim Jacket in olive,Handcrafted denim jacket finished by Anatolian artisans for everyday wear,https://images.pexels.com/photos/36607477/pexels-photo-36607477.jpeg|https://images.pexels.com/photos/34366695/pexels-photo-34366695.jpeg|https://images.pexels.com/photos/5524406/pexels-photo-5524406.jpeg|https://images.pexels.com/photos/32085693/pexels-photo-32085693.jpeg
Denim Jacket Cream,GRS-0197,95,128,15,Apparel & clothing,Bursa Atelier,Denim Jacket in cream,Handcrafted denim jacket finished by Anatolian artisans for everyday wear,https://images.pexels.com/photos/36607477/pexels-photo-36607477.jpeg|https://images.pexels.com/photos/34366695/pexels-photo-34366695.jpeg|https://images.pexels.com/photos/5524406/pexels-photo-5524406.jpeg|https://images.pexels.com/photos/32085693/pexels-photo-32085693.jpeg
Denim Jacket Mustard,GRS-0198,95,,29,Apparel & clothing,Bursa Atelier,Denim Jacket in mustard,Handcrafted denim jacket finished by Anatolian artisans for everyday wear,https://images.pexels.com/photos/36607477/pexels-photo-36607477.jpeg|https://images.pexels.com/photos/34366695/pexels-photo-34366695.jpeg|https://images.pexels.com/photos/5524406/pexels-photo-5524406.jpeg|https://images.pexels.com/photos/32085693/pexels-photo-32085693.jpeg
Denim Jacket Charcoal,GRS-0199,95,,11,Apparel & clothing,Bursa Atelier,Denim Jacket in charcoal,Handcrafted denim jacket finished by Anatolian artisans for everyday wear,https://images.pexels.com/photos/36607477/pexels-photo-36607477.jpeg|https://images.pexels.com/photos/34366695/pexels-photo-34366695.jpeg|https://images.pexels.com/photos/5524406/pexels-photo-5524406.jpeg|https://images.pexels.com/photos/32085693/pexels-photo-32085693.jpeg
Denim Jacket Tan,GRS-0200,95,128,12,Apparel & clothing,Bursa Atelier,Denim Jacket in tan,Handcrafted denim jacket finished by Anatolian artisans for everyday wear,https://images.pexels.com/photos/36607477/pexels-photo-36607477.jpeg|https://images.pexels.com/photos/34366695/pexels-photo-34366695.jpeg|https://images.pexels.com/photos/5524406/pexels-photo-5524406.jpeg|https://images.pexels.com/photos/32085693/pexels-photo-32085693.jpeg
Wool Sweater Burgundy,GRS-0201,68,,18,Apparel & clothing,Anatolia Co.,Wool Sweater in burgundy,Handcrafted wool sweater finished by Anatolian artisans for everyday wear,https://images.pexels.com/photos/7794332/pexels-photo-7794332.jpeg|https://images.pexels.com/photos/14641437/pexels-photo-14641437.jpeg|https://images.pexels.com/photos/5710033/pexels-photo-5710033.jpeg|https://images.pexels.com/photos/29307039/pexels-photo-29307039.jpeg
Wool Sweater Navy,GRS-0202,68,92,26,Apparel & clothing,Anatolia Co.,Wool Sweater in navy,Handcrafted wool sweater finished by Anatolian artisans for everyday wear,https://images.pexels.com/photos/7794332/pexels-photo-7794332.jpeg|https://images.pexels.com/photos/14641437/pexels-photo-14641437.jpeg|https://images.pexels.com/photos/5710033/pexels-photo-5710033.jpeg|https://images.pexels.com/photos/29307039/pexels-photo-29307039.jpeg
Wool Sweater Black,GRS-0203,68,,18,Apparel & clothing,Anatolia Co.,Wool Sweater in black,Handcrafted wool sweater finished by Anatolian artisans for everyday wear,https://images.pexels.com/photos/7794332/pexels-photo-7794332.jpeg|https://images.pexels.com/photos/14641437/pexels-photo-14641437.jpeg|https://images.pexels.com/photos/5710033/pexels-photo-5710033.jpeg|https://images.pexels.com/photos/29307039/pexels-photo-29307039.jpeg
Wool Sweater Olive,GRS-0204,68,,28,Apparel & clothing,Anatolia Co.,Wool Sweater in olive,Handcrafted wool sweater finished by Anatolian artisans for everyday wear,https://images.pexels.com/photos/7794332/pexels-photo-7794332.jpeg|https://images.pexels.com/photos/14641437/pexels-photo-14641437.jpeg|https://images.pexels.com/photos/5710033/pexels-photo-5710033.jpeg|https://images.pexels.com/photos/29307039/pexels-photo-29307039.jpeg
Wool Sweater Cream,GRS-0205,68,92,12,Apparel & clothing,Anatolia Co.,Wool Sweater in cream,Handcrafted wool sweater finished by Anatolian artisans for everyday wear,https://images.pexels.com/photos/7794332/pexels-photo-7794332.jpeg|https://images.pexels.com/photos/14641437/pexels-photo-14641437.jpeg|https://images.pexels.com/photos/5710033/pexels-photo-5710033.jpeg|https://images.pexels.com/photos/29307039/pexels-photo-29307039.jpeg
Wool Sweater Mustard,GRS-0206,68,,62,Apparel & clothing,Anatolia Co.,Wool Sweater in mustard,Handcrafted wool sweater finished by Anatolian artisans for everyday wear,https://images.pexels.com/photos/7794332/pexels-photo-7794332.jpeg|https://images.pexels.com/photos/14641437/pexels-photo-14641437.jpeg|https://images.pexels.com/photos/5710033/pexels-photo-5710033.jpeg|https://images.pexels.com/photos/29307039/pexels-photo-29307039.jpeg
Wool Sweater Charcoal,GRS-0207,68,,95,Apparel & clothing,Anatolia Co.,Wool Sweater in charcoal,Handcrafted wool sweater finished by Anatolian artisans for everyday wear,https://images.pexels.com/photos/7794332/pexels-photo-7794332.jpeg|https://images.pexels.com/photos/14641437/pexels-photo-14641437.jpeg|https://images.pexels.com/photos/5710033/pexels-photo-5710033.jpeg|https://images.pexels.com/photos/29307039/pexels-photo-29307039.jpeg
Wool Sweater Tan,GRS-0208,68,92,71,Apparel & clothing,Anatolia Co.,Wool Sweater in tan,Handcrafted wool sweater finished by Anatolian artisans for everyday wear,https://images.pexels.com/photos/7794332/pexels-photo-7794332.jpeg|https://images.pexels.com/photos/14641437/pexels-photo-14641437.jpeg|https://images.pexels.com/photos/5710033/pexels-photo-5710033.jpeg|https://images.pexels.com/photos/29307039/pexels-photo-29307039.jpeg
Linen Trousers Burgundy,GRS-0209,62,,69,Apparel & clothing,House label,Linen Trousers in burgundy,Handcrafted linen trousers finished by Anatolian artisans for everyday wear,https://images.pexels.com/photos/5393448/pexels-photo-5393448.jpeg|https://images.pexels.com/photos/31444321/pexels-photo-31444321.jpeg|https://images.pexels.com/photos/9464625/pexels-photo-9464625.jpeg|https://images.pexels.com/photos/5175677/pexels-photo-5175677.jpeg
Linen Trousers Navy,GRS-0210,62,84,26,Apparel & clothing,House label,Linen Trousers in navy,Handcrafted linen trousers finished by Anatolian artisans for everyday wear,https://images.pexels.com/photos/5393448/pexels-photo-5393448.jpeg|https://images.pexels.com/photos/31444321/pexels-photo-31444321.jpeg|https://images.pexels.com/photos/9464625/pexels-photo-9464625.jpeg|https://images.pexels.com/photos/5175677/pexels-photo-5175677.jpeg
Linen Trousers Black,GRS-0211,62,,56,Apparel & clothing,House label,Linen Trousers in black,Handcrafted linen trousers finished by Anatolian artisans for everyday wear,https://images.pexels.com/photos/5393448/pexels-photo-5393448.jpeg|https://images.pexels.com/photos/31444321/pexels-photo-31444321.jpeg|https://images.pexels.com/photos/9464625/pexels-photo-9464625.jpeg|https://images.pexels.com/photos/5175677/pexels-photo-5175677.jpeg
Linen Trousers Olive,GRS-0212,62,,57,Apparel & clothing,House label,Linen Trousers in olive,Handcrafted linen trousers finished by Anatolian artisans for everyday wear,https://images.pexels.com/photos/5393448/pexels-photo-5393448.jpeg|https://images.pexels.com/photos/31444321/pexels-photo-31444321.jpeg|https://images.pexels.com/photos/9464625/pexels-photo-9464625.jpeg|https://images.pexels.com/photos/5175677/pexels-photo-5175677.jpeg
Linen Trousers Cream,GRS-0213,62,84,36,Apparel & clothing,House label,Linen Trousers in cream,Handcrafted linen trousers finished by Anatolian artisans for everyday wear,https://images.pexels.com/photos/5393448/pexels-photo-5393448.jpeg|https://images.pexels.com/photos/31444321/pexels-photo-31444321.jpeg|https://images.pexels.com/photos/9464625/pexels-photo-9464625.jpeg|https://images.pexels.com/photos/5175677/pexels-photo-5175677.jpeg
Linen Trousers Mustard,GRS-0214,62,,99,Apparel & clothing,House label,Linen Trousers in mustard,Handcrafted linen trousers finished by Anatolian artisans for everyday wear,https://images.pexels.com/photos/5393448/pexels-photo-5393448.jpeg|https://images.pexels.com/photos/31444321/pexels-photo-31444321.jpeg|https://images.pexels.com/photos/9464625/pexels-photo-9464625.jpeg|https://images.pexels.com/photos/5175677/pexels-photo-5175677.jpeg
Linen Trousers Charcoal,GRS-0215,62,,51,Apparel & clothing,House label,Linen Trousers in charcoal,Handcrafted linen trousers finished by Anatolian artisans for everyday wear,https://images.pexels.com/photos/5393448/pexels-photo-5393448.jpeg|https://images.pexels.com/photos/31444321/pexels-photo-31444321.jpeg|https://images.pexels.com/photos/9464625/pexels-photo-9464625.jpeg|https://images.pexels.com/photos/5175677/pexels-photo-5175677.jpeg
Linen Trousers Tan,GRS-0216,62,84,62,Apparel & clothing,House label,Linen Trousers in tan,Handcrafted linen trousers finished by Anatolian artisans for everyday wear,https://images.pexels.com/photos/5393448/pexels-photo-5393448.jpeg|https://images.pexels.com/photos/31444321/pexels-photo-31444321.jpeg|https://images.pexels.com/photos/9464625/pexels-photo-9464625.jpeg|https://images.pexels.com/photos/5175677/pexels-photo-5175677.jpeg
Pleated Skirt Burgundy,GRS-0217,54,,26,Apparel & clothing,Aysel Tekstil,Pleated Skirt in burgundy,Handcrafted pleated skirt finished by Anatolian artisans for everyday wear,https://images.pexels.com/photos/4271569/pexels-photo-4271569.jpeg|https://images.pexels.com/photos/19451307/pexels-photo-19451307.jpeg|https://images.pexels.com/photos/13929182/pexels-photo-13929182.jpeg|https://images.pexels.com/photos/5542969/pexels-photo-5542969.jpeg
Pleated Skirt Navy,GRS-0218,54,73,77,Apparel & clothing,Aysel Tekstil,Pleated Skirt in navy,Handcrafted pleated skirt finished by Anatolian artisans for everyday wear,https://images.pexels.com/photos/4271569/pexels-photo-4271569.jpeg|https://images.pexels.com/photos/19451307/pexels-photo-19451307.jpeg|https://images.pexels.com/photos/13929182/pexels-photo-13929182.jpeg|https://images.pexels.com/photos/5542969/pexels-photo-5542969.jpeg
Pleated Skirt Black,GRS-0219,54,,86,Apparel & clothing,Aysel Tekstil,Pleated Skirt in black,Handcrafted pleated skirt finished by Anatolian artisans for everyday wear,https://images.pexels.com/photos/4271569/pexels-photo-4271569.jpeg|https://images.pexels.com/photos/19451307/pexels-photo-19451307.jpeg|https://images.pexels.com/photos/13929182/pexels-photo-13929182.jpeg|https://images.pexels.com/photos/5542969/pexels-photo-5542969.jpeg
Pleated Skirt Olive,GRS-0220,54,,98,Apparel & clothing,Aysel Tekstil,Pleated Skirt in olive,Handcrafted pleated skirt finished by Anatolian artisans for everyday wear,https://images.pexels.com/photos/4271569/pexels-photo-4271569.jpeg|https://images.pexels.com/photos/19451307/pexels-photo-19451307.jpeg|https://images.pexels.com/photos/13929182/pexels-photo-13929182.jpeg|https://images.pexels.com/photos/5542969/pexels-photo-5542969.jpeg
Pleated Skirt Cream,GRS-0221,54,73,44,Apparel & clothing,Aysel Tekstil,Pleated Skirt in cream,Handcrafted pleated skirt finished by Anatolian artisans for everyday wear,https://images.pexels.com/photos/4271569/pexels-photo-4271569.jpeg|https://images.pexels.com/photos/19451307/pexels-photo-19451307.jpeg|https://images.pexels.com/photos/13929182/pexels-photo-13929182.jpeg|https://images.pexels.com/photos/5542969/pexels-photo-5542969.jpeg
Pleated Skirt Mustard,GRS-0222,54,,55,Apparel & clothing,Aysel Tekstil,Pleated Skirt in mustard,Handcrafted pleated skirt finished by Anatolian artisans for everyday wear,https://images.pexels.com/photos/4271569/pexels-photo-4271569.jpeg|https://images.pexels.com/photos/19451307/pexels-photo-19451307.jpeg|https://images.pexels.com/photos/13929182/pexels-photo-13929182.jpeg|https://images.pexels.com/photos/5542969/pexels-photo-5542969.jpeg
Pleated Skirt Charcoal,GRS-0223,54,,58,Apparel & clothing,Aysel Tekstil,Pleated Skirt in charcoal,Handcrafted pleated skirt finished by Anatolian artisans for everyday wear,https://images.pexels.com/photos/4271569/pexels-photo-4271569.jpeg|https://images.pexels.com/photos/19451307/pexels-photo-19451307.jpeg|https://images.pexels.com/photos/13929182/pexels-photo-13929182.jpeg|https://images.pexels.com/photos/5542969/pexels-photo-5542969.jpeg
Pleated Skirt Tan,GRS-0224,54,73,81,Apparel & clothing,Aysel Tekstil,Pleated Skirt in tan,Handcrafted pleated skirt finished by Anatolian artisans for everyday wear,https://images.pexels.com/photos/4271569/pexels-photo-4271569.jpeg|https://images.pexels.com/photos/19451307/pexels-photo-19451307.jpeg|https://images.pexels.com/photos/13929182/pexels-photo-13929182.jpeg|https://images.pexels.com/photos/5542969/pexels-photo-5542969.jpeg
Wool Coat Burgundy,GRS-0225,120,,14,Apparel & clothing,Bosphorus Trading Co.,Wool Coat in burgundy,Handcrafted wool coat finished by Anatolian artisans for everyday wear,https://images.pexels.com/photos/19129082/pexels-photo-19129082.jpeg|https://images.pexels.com/photos/19354455/pexels-photo-19354455.jpeg|https://images.pexels.com/photos/8328597/pexels-photo-8328597.jpeg|https://images.pexels.com/photos/21835288/pexels-photo-21835288.jpeg
Wool Coat Navy,GRS-0226,120,162,60,Apparel & clothing,Bosphorus Trading Co.,Wool Coat in navy,Handcrafted wool coat finished by Anatolian artisans for everyday wear,https://images.pexels.com/photos/19129082/pexels-photo-19129082.jpeg|https://images.pexels.com/photos/19354455/pexels-photo-19354455.jpeg|https://images.pexels.com/photos/8328597/pexels-photo-8328597.jpeg|https://images.pexels.com/photos/21835288/pexels-photo-21835288.jpeg
Wool Coat Black,GRS-0227,120,,62,Apparel & clothing,Bosphorus Trading Co.,Wool Coat in black,Handcrafted wool coat finished by Anatolian artisans for everyday wear,https://images.pexels.com/photos/19129082/pexels-photo-19129082.jpeg|https://images.pexels.com/photos/19354455/pexels-photo-19354455.jpeg|https://images.pexels.com/photos/8328597/pexels-photo-8328597.jpeg|https://images.pexels.com/photos/21835288/pexels-photo-21835288.jpeg
Wool Coat Olive,GRS-0228,120,,30,Apparel & clothing,Bosphorus Trading Co.,Wool Coat in olive,Handcrafted wool coat finished by Anatolian artisans for everyday wear,https://images.pexels.com/photos/19129082/pexels-photo-19129082.jpeg|https://images.pexels.com/photos/19354455/pexels-photo-19354455.jpeg|https://images.pexels.com/photos/8328597/pexels-photo-8328597.jpeg|https://images.pexels.com/photos/21835288/pexels-photo-21835288.jpeg
Wool Coat Cream,GRS-0229,120,162,66,Apparel & clothing,Bosphorus Trading Co.,Wool Coat in cream,Handcrafted wool coat finished by Anatolian artisans for everyday wear,https://images.pexels.com/photos/19129082/pexels-photo-19129082.jpeg|https://images.pexels.com/photos/19354455/pexels-photo-19354455.jpeg|https://images.pexels.com/photos/8328597/pexels-photo-8328597.jpeg|https://images.pexels.com/photos/21835288/pexels-photo-21835288.jpeg
Wool Coat Mustard,GRS-0230,120,,42,Apparel & clothing,Bosphorus Trading Co.,Wool Coat in mustard,Handcrafted wool coat finished by Anatolian artisans for everyday wear,https://images.pexels.com/photos/19129082/pexels-photo-19129082.jpeg|https://images.pexels.com/photos/19354455/pexels-photo-19354455.jpeg|https://images.pexels.com/photos/8328597/pexels-photo-8328597.jpeg|https://images.pexels.com/photos/21835288/pexels-photo-21835288.jpeg
Wool Coat Charcoal,GRS-0231,120,,24,Apparel & clothing,Bosphorus Trading Co.,Wool Coat in charcoal,Handcrafted wool coat finished by Anatolian artisans for everyday wear,https://images.pexels.com/photos/19129082/pexels-photo-19129082.jpeg|https://images.pexels.com/photos/19354455/pexels-photo-19354455.jpeg|https://images.pexels.com/photos/8328597/pexels-photo-8328597.jpeg|https://images.pexels.com/photos/21835288/pexels-photo-21835288.jpeg
Wool Coat Tan,GRS-0232,120,162,30,Apparel & clothing,Bosphorus Trading Co.,Wool Coat in tan,Handcrafted wool coat finished by Anatolian artisans for everyday wear,https://images.pexels.com/photos/19129082/pexels-photo-19129082.jpeg|https://images.pexels.com/photos/19354455/pexels-photo-19354455.jpeg|https://images.pexels.com/photos/8328597/pexels-photo-8328597.jpeg|https://images.pexels.com/photos/21835288/pexels-photo-21835288.jpeg