name,sku,basePrice,compareAtPrice,stockOnHand,categoryName,brandName,shortDescription,description,imageUrl
Wool Throw Burgundy,GRS-0001,28,,17,Textiles & home,Bursa Atelier,Wool throw in burgundy,Handcrafted wool throw finished by Anatolian artisans for everyday wear,https://picsum.photos/seed/wool-throw-burgundy-1-1/600/600|https://picsum.photos/seed/wool-throw-burgundy-1-2/600/600|https://picsum.photos/seed/wool-throw-burgundy-1-3/600/600|https://picsum.photos/seed/wool-throw-burgundy-1-4/600/600
Denim Bracelet Navy,GRS-0002,41,,34,Accessories,Anatolia Co.,Denim bracelet in navy,Handcrafted denim bracelet finished by Anatolian artisans for everyday wear,https://picsum.photos/seed/denim-bracelet-navy-2-1/600/600|https://picsum.photos/seed/denim-bracelet-navy-2-2/600/600|https://picsum.photos/seed/denim-bracelet-navy-2-3/600/600
Canvas Sneakers Burgundy,GRS-0003,54,79,51,Footwear,House label,Canvas sneakers in burgundy,Handcrafted canvas sneakers finished by Anatolian artisans for everyday wear,https://picsum.photos/seed/canvas-sneakers-burgundy-3-1/600/600|https://picsum.photos/seed/canvas-sneakers-burgundy-3-2/600/600|https://picsum.photos/seed/canvas-sneakers-burgundy-3-3/600/600|https://picsum.photos/seed/canvas-sneakers-burgundy-3-4/600/600
Silk Crossbody Bag Navy,GRS-0004,67,,68,Bags & leather goods,Aysel Tekstil,Silk crossbody bag in navy,Handcrafted silk crossbody bag finished by Anatolian artisans for everyday wear,https://picsum.photos/seed/silk-crossbody-bag-navy-4-1/600/600|https://picsum.photos/seed/silk-crossbody-bag-navy-4-2/600/600|https://picsum.photos/seed/silk-crossbody-bag-navy-4-3/600/600
Suede Shirt Burgundy,GRS-0005,80,,85,Apparel & clothing,Bursa Atelier,Suede shirt in burgundy,Handcrafted suede shirt finished by Anatolian artisans for everyday wear,https://picsum.photos/seed/suede-shirt-burgundy-5-1/600/600|https://picsum.photos/seed/suede-shirt-burgundy-5-2/600/600|https://picsum.photos/seed/suede-shirt-burgundy-5-3/600/600|https://picsum.photos/seed/suede-shirt-burgundy-5-4/600/600
Velvet Towel Navy,GRS-0006,93,133,102,Textiles & home,Anatolia Co.,Velvet towel in navy,Handcrafted velvet towel finished by Anatolian artisans for everyday wear,https://picsum.photos/seed/velvet-towel-navy-6-1/600/600|https://picsum.photos/seed/velvet-towel-navy-6-2/600/600|https://picsum.photos/seed/velvet-towel-navy-6-3/600/600
Linen Sunglasses Burgundy,GRS-0007,106,,119,Accessories,House label,Linen sunglasses in burgundy,Handcrafted linen sunglasses finished by Anatolian artisans for everyday wear,https://picsum.photos/seed/linen-sunglasses-burgundy-7-1/600/600|https://picsum.photos/seed/linen-sunglasses-burgundy-7-2/600/600|https://picsum.photos/seed/linen-sunglasses-burgundy-7-3/600/600|https://picsum.photos/seed/linen-sunglasses-burgundy-7-4/600/600
Leather Boots Navy,GRS-0008,119,,16,Footwear,Aysel Tekstil,Leather boots in navy,Handcrafted leather boots finished by Anatolian artisans for everyday wear,https://picsum.photos/seed/leather-boots-navy-8-1/600/600|https://picsum.photos/seed/leather-boots-navy-8-2/600/600|https://picsum.photos/seed/leather-boots-navy-8-3/600/600
Cashmere Clutch Burgundy,GRS-0009,132,147,33,Bags & leather goods,Bursa Atelier,Cashmere clutch in burgundy,Handcrafted cashmere clutch finished by Anatolian artisans for everyday wear,https://picsum.photos/seed/cashmere-clutch-burgundy-9-1/600/600|https://picsum.photos/seed/cashmere-clutch-burgundy-9-2/600/600|https://picsum.photos/seed/cashmere-clutch-burgundy-9-3/600/600|https://picsum.photos/seed/cashmere-clutch-burgundy-9-4/600/600
Cotton Kaftan Navy,GRS-0010,145,,50,Apparel & clothing,Anatolia Co.,Cotton kaftan in navy,Handcrafted cotton kaftan finished by Anatolian artisans for everyday wear,https://picsum.photos/seed/cotton-kaftan-navy-10-1/600/600|https://picsum.photos/seed/cotton-kaftan-navy-10-2/600/600|https://picsum.photos/seed/cotton-kaftan-navy-10-3/600/600
Wool Table Runner Burgundy,GRS-0011,158,,67,Textiles & home,House label,Wool table runner in burgundy,Handcrafted wool table runner finished by Anatolian artisans for everyday wear,https://picsum.photos/seed/wool-table-runner-burgundy-11-1/600/600|https://picsum.photos/seed/wool-table-runner-burgundy-11-2/600/600|https://picsum.photos/seed/wool-table-runner-burgundy-11-3/600/600|https://picsum.photos/seed/wool-table-runner-burgundy-11-4/600/600
Denim Belt Navy,GRS-0012,171,201,84,Accessories,Aysel Tekstil,Denim belt in navy,Handcrafted denim belt finished by Anatolian artisans for everyday wear,https://picsum.photos/seed/denim-belt-navy-12-1/600/600|https://picsum.photos/seed/denim-belt-navy-12-2/600/600|https://picsum.photos/seed/denim-belt-navy-12-3/600/600
Canvas Loafers Burgundy,GRS-0013,184,,101,Footwear,Bursa Atelier,Canvas loafers in burgundy,Handcrafted canvas loafers finished by Anatolian artisans for everyday wear,https://picsum.photos/seed/canvas-loafers-burgundy-13-1/600/600|https://picsum.photos/seed/canvas-loafers-burgundy-13-2/600/600|https://picsum.photos/seed/canvas-loafers-burgundy-13-3/600/600|https://picsum.photos/seed/canvas-loafers-burgundy-13-4/600/600
Silk Wallet Navy,GRS-0014,197,,118,Bags & leather goods,Anatolia Co.,Silk wallet in navy,Handcrafted silk wallet finished by Anatolian artisans for everyday wear,https://picsum.photos/seed/silk-wallet-navy-14-1/600/600|https://picsum.photos/seed/silk-wallet-navy-14-2/600/600|https://picsum.photos/seed/silk-wallet-navy-14-3/600/600
Suede Shirt Burgundy,GRS-0015,24,69,15,Apparel & clothing,House label,Suede shirt in burgundy,Handcrafted suede shirt finished by Anatolian artisans for everyday wear,https://picsum.photos/seed/suede-shirt-burgundy-15-1/600/600|https://picsum.photos/seed/suede-shirt-burgundy-15-2/600/600|https://picsum.photos/seed/suede-shirt-burgundy-15-3/600/600|https://picsum.photos/seed/suede-shirt-burgundy-15-4/600/600
Velvet Wrap Navy,GRS-0016,37,,32,Textiles & home,Aysel Tekstil,Velvet wrap in navy,Handcrafted velvet wrap finished by Anatolian artisans for everyday wear,https://picsum.photos/seed/velvet-wrap-navy-16-1/600/600|https://picsum.photos/seed/velvet-wrap-navy-16-2/600/600|https://picsum.photos/seed/velvet-wrap-navy-16-3/600/600
Linen Necklace Burgundy,GRS-0017,50,,49,Accessories,Bursa Atelier,Linen necklace in burgundy,Handcrafted linen necklace finished by Anatolian artisans for everyday wear,https://picsum.photos/seed/linen-necklace-burgundy-17-1/600/600|https://picsum.photos/seed/linen-necklace-burgundy-17-2/600/600|https://picsum.photos/seed/linen-necklace-burgundy-17-3/600/600|https://picsum.photos/seed/linen-necklace-burgundy-17-4/600/600
Leather Sandals Navy,GRS-0018,63,83,66,Footwear,Anatolia Co.,Leather sandals in navy,Handcrafted leather sandals finished by Anatolian artisans for everyday wear,https://picsum.photos/seed/leather-sandals-navy-18-1/600/600|https://picsum.photos/seed/leather-sandals-navy-18-2/600/600|https://picsum.photos/seed/leather-sandals-navy-18-3/600/600
Cashmere Backpack Burgundy,GRS-0019,76,,83,Bags & leather goods,House label,Cashmere backpack in burgundy,Handcrafted cashmere backpack finished by Anatolian artisans for everyday wear,https://picsum.photos/seed/cashmere-backpack-burgundy-19-1/600/600|https://picsum.photos/seed/cashmere-backpack-burgundy-19-2/600/600|https://picsum.photos/seed/cashmere-backpack-burgundy-19-3/600/600|https://picsum.photos/seed/cashmere-backpack-burgundy-19-4/600/600
Cotton Kaftan Navy,GRS-0020,89,,100,Apparel & clothing,Aysel Tekstil,Cotton kaftan in navy,Handcrafted cotton kaftan finished by Anatolian artisans for everyday wear,https://picsum.photos/seed/cotton-kaftan-navy-20-1/600/600|https://picsum.photos/seed/cotton-kaftan-navy-20-2/600/600|https://picsum.photos/seed/cotton-kaftan-navy-20-3/600/600
Wool Bedsheet Burgundy,GRS-0021,102,137,117,Textiles & home,Bursa Atelier,Wool bedsheet in burgundy,Handcrafted wool bedsheet finished by Anatolian artisans for everyday wear,https://picsum.photos/seed/wool-bedsheet-burgundy-21-1/600/600|https://picsum.photos/seed/wool-bedsheet-burgundy-21-2/600/600|https://picsum.photos/seed/wool-bedsheet-burgundy-21-3/600/600|https://picsum.photos/seed/wool-bedsheet-burgundy-21-4/600/600
Denim Gloves Navy,GRS-0022,115,,14,Accessories,Anatolia Co.,Denim gloves in navy,Handcrafted denim gloves finished by Anatolian artisans for everyday wear,https://picsum.photos/seed/denim-gloves-navy-22-1/600/600|https://picsum.photos/seed/denim-gloves-navy-22-2/600/600|https://picsum.photos/seed/denim-gloves-navy-22-3/600/600
Canvas Heels Burgundy,GRS-0023,128,,31,Footwear,House label,Canvas heels in burgundy,Handcrafted canvas heels finished by Anatolian artisans for everyday wear,https://picsum.photos/seed/canvas-heels-burgundy-23-1/600/600|https://picsum.photos/seed/canvas-heels-burgundy-23-2/600/600|https://picsum.photos/seed/canvas-heels-burgundy-23-3/600/600|https://picsum.photos/seed/canvas-heels-burgundy-23-4/600/600
Silk Tote Navy,GRS-0024,141,151,48,Bags & leather goods,Aysel Tekstil,Silk tote in navy,Handcrafted silk tote finished by Anatolian artisans for everyday wear,https://picsum.photos/seed/silk-tote-navy-24-1/600/600|https://picsum.photos/seed/silk-tote-navy-24-2/600/600|https://picsum.photos/seed/silk-tote-navy-24-3/600/600
Suede Shirt Burgundy,GRS-0025,154,,65,Apparel & clothing,Bursa Atelier,Suede shirt in burgundy,Handcrafted suede shirt finished by Anatolian artisans for everyday wear,https://picsum.photos/seed/suede-shirt-burgundy-25-1/600/600|https://picsum.photos/seed/suede-shirt-burgundy-25-2/600/600|https://picsum.photos/seed/suede-shirt-burgundy-25-3/600/600|https://picsum.photos/seed/suede-shirt-burgundy-25-4/600/600
Velvet Cushion Cover Navy,GRS-0026,167,,82,Textiles & home,Anatolia Co.,Velvet cushion cover in navy,Handcrafted velvet cushion cover finished by Anatolian artisans for everyday wear,https://picsum.photos/seed/velvet-cushion-cover-navy-26-1/600/600|https://picsum.photos/seed/velvet-cushion-cover-navy-26-2/600/600|https://picsum.photos/seed/velvet-cushion-cover-navy-26-3/600/600
Linen Earrings Burgundy,GRS-0027,180,205,99,Accessories,House label,Linen earrings in burgundy,Handcrafted linen earrings finished by Anatolian artisans for everyday wear,https://picsum.photos/seed/linen-earrings-burgundy-27-1/600/600|https://picsum.photos/seed/linen-earrings-burgundy-27-2/600/600|https://picsum.photos/seed/linen-earrings-burgundy-27-3/600/600|https://picsum.photos/seed/linen-earrings-burgundy-27-4/600/600
Leather Slippers Navy,GRS-0028,193,,116,Footwear,Aysel Tekstil,Leather slippers in navy,Handcrafted leather slippers finished by Anatolian artisans for everyday wear,https://picsum.photos/seed/leather-slippers-navy-28-1/600/600|https://picsum.photos/seed/leather-slippers-navy-28-2/600/600|https://picsum.photos/seed/leather-slippers-navy-28-3/600/600
Cashmere Duffel Burgundy,GRS-0029,20,,13,Bags & leather goods,Bursa Atelier,Cashmere duffel in burgundy,Handcrafted cashmere duffel finished by Anatolian artisans for everyday wear,https://picsum.photos/seed/cashmere-duffel-burgundy-29-1/600/600|https://picsum.photos/seed/cashmere-duffel-burgundy-29-2/600/600|https://picsum.photos/seed/cashmere-duffel-burgundy-29-3/600/600|https://picsum.photos/seed/cashmere-duffel-burgundy-29-4/600/600
Cotton Kaftan Navy,GRS-0030,33,73,30,Apparel & clothing,Anatolia Co.,Cotton kaftan in navy,Handcrafted cotton kaftan finished by Anatolian artisans for everyday wear,https://picsum.photos/seed/cotton-kaftan-navy-30-1/600/600|https://picsum.photos/seed/cotton-kaftan-navy-30-2/600/600|https://picsum.photos/seed/cotton-kaftan-navy-30-3/600/600
Wool Curtain Burgundy,GRS-0031,46,,47,Textiles & home,House label,Wool curtain in burgundy,Handcrafted wool curtain finished by Anatolian artisans for everyday wear,https://picsum.photos/seed/wool-curtain-burgundy-31-1/600/600|https://picsum.photos/seed/wool-curtain-burgundy-31-2/600/600|https://picsum.photos/seed/wool-curtain-burgundy-31-3/600/600|https://picsum.photos/seed/wool-curtain-burgundy-31-4/600/600
Denim Scarf Navy,GRS-0032,59,,64,Accessories,Aysel Tekstil,Denim scarf in navy,Handcrafted denim scarf finished by Anatolian artisans for everyday wear,https://picsum.photos/seed/denim-scarf-navy-32-1/600/600|https://picsum.photos/seed/denim-scarf-navy-32-2/600/600|https://picsum.photos/seed/denim-scarf-navy-32-3/600/600
Canvas Sneakers Burgundy,GRS-0033,72,87,81,Footwear,Bursa Atelier,Canvas sneakers in burgundy,Handcrafted canvas sneakers finished by Anatolian artisans for everyday wear,https://picsum.photos/seed/canvas-sneakers-burgundy-33-1/600/600|https://picsum.photos/seed/canvas-sneakers-burgundy-33-2/600/600|https://picsum.photos/seed/canvas-sneakers-burgundy-33-3/600/600|https://picsum.photos/seed/canvas-sneakers-burgundy-33-4/600/600
Silk Crossbody Bag Navy,GRS-0034,85,,98,Bags & leather goods,Anatolia Co.,Silk crossbody bag in navy,Handcrafted silk crossbody bag finished by Anatolian artisans for everyday wear,https://picsum.photos/seed/silk-crossbody-bag-navy-34-1/600/600|https://picsum.photos/seed/silk-crossbody-bag-navy-34-2/600/600|https://picsum.photos/seed/silk-crossbody-bag-navy-34-3/600/600
Suede Shirt Burgundy,GRS-0035,98,,115,Apparel & clothing,House label,Suede shirt in burgundy,Handcrafted suede shirt finished by Anatolian artisans for everyday wear,https://picsum.photos/seed/suede-shirt-burgundy-35-1/600/600|https://picsum.photos/seed/suede-shirt-burgundy-35-2/600/600|https://picsum.photos/seed/suede-shirt-burgundy-35-3/600/600|https://picsum.photos/seed/suede-shirt-burgundy-35-4/600/600
Velvet Blanket Navy,GRS-0036,111,141,12,Textiles & home,Aysel Tekstil,Velvet blanket in navy,Handcrafted velvet blanket finished by Anatolian artisans for everyday wear,https://picsum.photos/seed/velvet-blanket-navy-36-1/600/600|https://picsum.photos/seed/velvet-blanket-navy-36-2/600/600|https://picsum.photos/seed/velvet-blanket-navy-36-3/600/600
Linen Hat Burgundy,GRS-0037,124,,29,Accessories,Bursa Atelier,Linen hat in burgundy,Handcrafted linen hat finished by Anatolian artisans for everyday wear,https://picsum.photos/seed/linen-hat-burgundy-37-1/600/600|https://picsum.photos/seed/linen-hat-burgundy-37-2/600/600|https://picsum.photos/seed/linen-hat-burgundy-37-3/600/600|https://picsum.photos/seed/linen-hat-burgundy-37-4/600/600
Leather Boots Navy,GRS-0038,137,,46,Footwear,Anatolia Co.,Leather boots in navy,Handcrafted leather boots finished by Anatolian artisans for everyday wear,https://picsum.photos/seed/leather-boots-navy-38-1/600/600|https://picsum.photos/seed/leather-boots-navy-38-2/600/600|https://picsum.photos/seed/leather-boots-navy-38-3/600/600
Cashmere Clutch Burgundy,GRS-0039,150,195,63,Bags & leather goods,House label,Cashmere clutch in burgundy,Handcrafted cashmere clutch finished by Anatolian artisans for everyday wear,https://picsum.photos/seed/cashmere-clutch-burgundy-39-1/600/600|https://picsum.photos/seed/cashmere-clutch-burgundy-39-2/600/600|https://picsum.photos/seed/cashmere-clutch-burgundy-39-3/600/600|https://picsum.photos/seed/cashmere-clutch-burgundy-39-4/600/600
Cotton Kaftan Navy,GRS-0040,163,,80,Apparel & clothing,Aysel Tekstil,Cotton kaftan in navy,Handcrafted cotton kaftan finished by Anatolian artisans for everyday wear,https://picsum.photos/seed/cotton-kaftan-navy-40-1/600/600|https://picsum.photos/seed/cotton-kaftan-navy-40-2/600/600|https://picsum.photos/seed/cotton-kaftan-navy-40-3/600/600
Wool Throw Burgundy,GRS-0041,176,,97,Textiles & home,Bursa Atelier,Wool throw in burgundy,Handcrafted wool throw finished by Anatolian artisans for everyday wear,https://picsum.photos/seed/wool-throw-burgundy-41-1/600/600|https://picsum.photos/seed/wool-throw-burgundy-41-2/600/600|https://picsum.photos/seed/wool-throw-burgundy-41-3/600/600|https://picsum.photos/seed/wool-throw-burgundy-41-4/600/600
Denim Bracelet Navy,GRS-0042,189,209,114,Accessories,Anatolia Co.,Denim bracelet in navy,Handcrafted denim bracelet finished by Anatolian artisans for everyday wear,https://picsum.photos/seed/denim-bracelet-navy-42-1/600/600|https://picsum.photos/seed/denim-bracelet-navy-42-2/600/600|https://picsum.photos/seed/denim-bracelet-navy-42-3/600/600
Canvas Loafers Burgundy,GRS-0043,16,,11,Footwear,House label,Canvas loafers in burgundy,Handcrafted canvas loafers finished by Anatolian artisans for everyday wear,https://picsum.photos/seed/canvas-loafers-burgundy-43-1/600/600|https://picsum.photos/seed/canvas-loafers-burgundy-43-2/600/600|https://picsum.photos/seed/canvas-loafers-burgundy-43-3/600/600|https://picsum.photos/seed/canvas-loafers-burgundy-43-4/600/600
Silk Wallet Navy,GRS-0044,29,,28,Bags & leather goods,Aysel Tekstil,Silk wallet in navy,Handcrafted silk wallet finished by Anatolian artisans for everyday wear,https://picsum.photos/seed/silk-wallet-navy-44-1/600/600|https://picsum.photos/seed/silk-wallet-navy-44-2/600/600|https://picsum.photos/seed/silk-wallet-navy-44-3/600/600
Suede Shirt Burgundy,GRS-0045,42,77,45,Apparel & clothing,Bursa Atelier,Suede shirt in burgundy,Handcrafted suede shirt finished by Anatolian artisans for everyday wear,https://picsum.photos/seed/suede-shirt-burgundy-45-1/600/600|https://picsum.photos/seed/suede-shirt-burgundy-45-2/600/600|https://picsum.photos/seed/suede-shirt-burgundy-45-3/600/600|https://picsum.photos/seed/suede-shirt-burgundy-45-4/600/600
Velvet Towel Navy,GRS-0046,55,,62,Textiles & home,Anatolia Co.,Velvet towel in navy,Handcrafted velvet towel finished by Anatolian artisans for everyday wear,https://picsum.photos/seed/velvet-towel-navy-46-1/600/600|https://picsum.photos/seed/velvet-towel-navy-46-2/600/600|https://picsum.photos/seed/velvet-towel-navy-46-3/600/600
Linen Sunglasses Burgundy,GRS-0047,68,,79,Accessories,House label,Linen sunglasses in burgundy,Handcrafted linen sunglasses finished by Anatolian artisans for everyday wear,https://picsum.photos/seed/linen-sunglasses-burgundy-47-1/600/600|https://picsum.photos/seed/linen-sunglasses-burgundy-47-2/600/600|https://picsum.photos/seed/linen-sunglasses-burgundy-47-3/600/600|https://picsum.photos/seed/linen-sunglasses-burgundy-47-4/600/600
Leather Sandals Navy,GRS-0048,81,91,96,Footwear,Aysel Tekstil,Leather sandals in navy,Handcrafted leather sandals finished by Anatolian artisans for everyday wear,https://picsum.photos/seed/leather-sandals-navy-48-1/600/600|https://picsum.photos/seed/leather-sandals-navy-48-2/600/600|https://picsum.photos/seed/leather-sandals-navy-48-3/600/600
Cashmere Backpack Burgundy,GRS-0049,94,,113,Bags & leather goods,Bursa Atelier,Cashmere backpack in burgundy,Handcrafted cashmere backpack finished by Anatolian artisans for everyday wear,https://picsum.photos/seed/cashmere-backpack-burgundy-49-1/600/600|https://picsum.photos/seed/cashmere-backpack-burgundy-49-2/600/600|https://picsum.photos/seed/cashmere-backpack-burgundy-49-3/600/600|https://picsum.photos/seed/cashmere-backpack-burgundy-49-4/600/600
Cotton Kaftan Navy,GRS-0050,107,,10,Apparel & clothing,Anatolia Co.,Cotton kaftan in navy,Handcrafted cotton kaftan finished by Anatolian artisans for everyday wear,https://picsum.photos/seed/cotton-kaftan-navy-50-1/600/600|https://picsum.photos/seed/cotton-kaftan-navy-50-2/600/600|https://picsum.photos/seed/cotton-kaftan-navy-50-3/600/600
Wool Table Runner Burgundy,GRS-0051,120,145,27,Textiles & home,House label,Wool table runner in burgundy,Handcrafted wool table runner finished by Anatolian artisans for everyday wear,https://picsum.photos/seed/wool-table-runner-burgundy-51-1/600/600|https://picsum.photos/seed/wool-table-runner-burgundy-51-2/600/600|https://picsum.photos/seed/wool-table-runner-burgundy-51-3/600/600|https://picsum.photos/seed/wool-table-runner-burgundy-51-4/600/600
Denim Belt Navy,GRS-0052,133,,44,Accessories,Aysel Tekstil,Denim belt in navy,Handcrafted denim belt finished by Anatolian artisans for everyday wear,https://picsum.photos/seed/denim-belt-navy-52-1/600/600|https://picsum.photos/seed/denim-belt-navy-52-2/600/600|https://picsum.photos/seed/denim-belt-navy-52-3/600/600
Canvas Heels Burgundy,GRS-0053,146,,61,Footwear,Bursa Atelier,Canvas heels in burgundy,Handcrafted canvas heels finished by Anatolian artisans for everyday wear,https://picsum.photos/seed/canvas-heels-burgundy-53-1/600/600|https://picsum.photos/seed/canvas-heels-burgundy-53-2/600/600|https://picsum.photos/seed/canvas-heels-burgundy-53-3/600/600|https://picsum.photos/seed/canvas-heels-burgundy-53-4/600/600
Silk Tote Navy,GRS-0054,159,199,78,Bags & leather goods,Anatolia Co.,Silk tote in navy,Handcrafted silk tote finished by Anatolian artisans for everyday wear,https://picsum.photos/seed/silk-tote-navy-54-1/600/600|https://picsum.photos/seed/silk-tote-navy-54-2/600/600|https://picsum.photos/seed/silk-tote-navy-54-3/600/600
Suede Shirt Burgundy,GRS-0055,172,,95,Apparel & clothing,House label,Suede shirt in burgundy,Handcrafted suede shirt finished by Anatolian artisans for everyday wear,https://picsum.photos/seed/suede-shirt-burgundy-55-1/600/600|https://picsum.photos/seed/suede-shirt-burgundy-55-2/600/600|https://picsum.photos/seed/suede-shirt-burgundy-55-3/600/600|https://picsum.photos/seed/suede-shirt-burgundy-55-4/600/600
Velvet Wrap Navy,GRS-0056,185,,112,Textiles & home,Aysel Tekstil,Velvet wrap in navy,Handcrafted velvet wrap finished by Anatolian artisans for everyday wear,https://picsum.photos/seed/velvet-wrap-navy-56-1/600/600|https://picsum.photos/seed/velvet-wrap-navy-56-2/600/600|https://picsum.photos/seed/velvet-wrap-navy-56-3/600/600
Linen Necklace Burgundy,GRS-0057,198,213,9,Accessories,Bursa Atelier,Linen necklace in burgundy,Handcrafted linen necklace finished by Anatolian artisans for everyday wear,https://picsum.photos/seed/linen-necklace-burgundy-57-1/600/600|https://picsum.photos/seed/linen-necklace-burgundy-57-2/600/600|https://picsum.photos/seed/linen-necklace-burgundy-57-3/600/600|https://picsum.photos/seed/linen-necklace-burgundy-57-4/600/600
Leather Slippers Navy,GRS-0058,25,,26,Footwear,Anatolia Co.,Leather slippers in navy,Handcrafted leather slippers finished by Anatolian artisans for everyday wear,https://picsum.photos/seed/leather-slippers-navy-58-1/600/600|https://picsum.photos/seed/leather-slippers-navy-58-2/600/600|https://picsum.photos/seed/leather-slippers-navy-58-3/600/600
Cashmere Duffel Burgundy,GRS-0059,38,,43,Bags & leather goods,House label,Cashmere duffel in burgundy,Handcrafted cashmere duffel finished by Anatolian artisans for everyday wear,https://picsum.photos/seed/cashmere-duffel-burgundy-59-1/600/600|https://picsum.photos/seed/cashmere-duffel-burgundy-59-2/600/600|https://picsum.photos/seed/cashmere-duffel-burgundy-59-3/600/600|https://picsum.photos/seed/cashmere-duffel-burgundy-59-4/600/600
Cotton Kaftan Navy,GRS-0060,51,81,60,Apparel & clothing,Aysel Tekstil,Cotton kaftan in navy,Handcrafted cotton kaftan finished by Anatolian artisans for everyday wear,https://picsum.photos/seed/cotton-kaftan-navy-60-1/600/600|https://picsum.photos/seed/cotton-kaftan-navy-60-2/600/600|https://picsum.photos/seed/cotton-kaftan-navy-60-3/600/600
Wool Bedsheet Burgundy,GRS-0061,64,,77,Textiles & home,Bursa Atelier,Wool bedsheet in burgundy,Handcrafted wool bedsheet finished by Anatolian artisans for everyday wear,https://picsum.photos/seed/wool-bedsheet-burgundy-61-1/600/600|https://picsum.photos/seed/wool-bedsheet-burgundy-61-2/600/600|https://picsum.photos/seed/wool-bedsheet-burgundy-61-3/600/600|https://picsum.photos/seed/wool-bedsheet-burgundy-61-4/600/600
Denim Gloves Navy,GRS-0062,77,,94,Accessories,Anatolia Co.,Denim gloves in navy,Handcrafted denim gloves finished by Anatolian artisans for everyday wear,https://picsum.photos/seed/denim-gloves-navy-62-1/600/600|https://picsum.photos/seed/denim-gloves-navy-62-2/600/600|https://picsum.photos/seed/denim-gloves-navy-62-3/600/600
Canvas Sneakers Burgundy,GRS-0063,90,135,111,Footwear,House label,Canvas sneakers in burgundy,Handcrafted canvas sneakers finished by Anatolian artisans for everyday wear,https://picsum.photos/seed/canvas-sneakers-burgundy-63-1/600/600|https://picsum.photos/seed/canvas-sneakers-burgundy-63-2/600/600|https://picsum.photos/seed/canvas-sneakers-burgundy-63-3/600/600|https://picsum.photos/seed/canvas-sneakers-burgundy-63-4/600/600
Silk Crossbody Bag Navy,GRS-0064,103,,8,Bags & leather goods,Aysel Tekstil,Silk crossbody bag in navy,Handcrafted silk crossbody bag finished by Anatolian artisans for everyday wear,https://picsum.photos/seed/silk-crossbody-bag-navy-64-1/600/600|https://picsum.photos/seed/silk-crossbody-bag-navy-64-2/600/600|https://picsum.photos/seed/silk-crossbody-bag-navy-64-3/600/600
Suede Shirt Burgundy,GRS-0065,116,,25,Apparel & clothing,Bursa Atelier,Suede shirt in burgundy,Handcrafted suede shirt finished by Anatolian artisans for everyday wear,https://picsum.photos/seed/suede-shirt-burgundy-65-1/600/600|https://picsum.photos/seed/suede-shirt-burgundy-65-2/600/600|https://picsum.photos/seed/suede-shirt-burgundy-65-3/600/600|https://picsum.photos/seed/suede-shirt-burgundy-65-4/600/600
Velvet Cushion Cover Navy,GRS-0066,129,149,42,Textiles & home,Anatolia Co.,Velvet cushion cover in navy,Handcrafted velvet cushion cover finished by Anatolian artisans for everyday wear,https://picsum.photos/seed/velvet-cushion-cover-navy-66-1/600/600|https://picsum.photos/seed/velvet-cushion-cover-navy-66-2/600/600|https://picsum.photos/seed/velvet-cushion-cover-navy-66-3/600/600
Linen Earrings Burgundy,GRS-0067,142,,59,Accessories,House label,Linen earrings in burgundy,Handcrafted linen earrings finished by Anatolian artisans for everyday wear,https://picsum.photos/seed/linen-earrings-burgundy-67-1/600/600|https://picsum.photos/seed/linen-earrings-burgundy-67-2/600/600|https://picsum.photos/seed/linen-earrings-burgundy-67-3/600/600|https://picsum.photos/seed/linen-earrings-burgundy-67-4/600/600
Leather Boots Navy,GRS-0068,155,,76,Footwear,Aysel Tekstil,Leather boots in navy,Handcrafted leather boots finished by Anatolian artisans for everyday wear,https://picsum.photos/seed/leather-boots-navy-68-1/600/600|https://picsum.photos/seed/leather-boots-navy-68-2/600/600|https://picsum.photos/seed/leather-boots-navy-68-3/600/600
Cashmere Clutch Burgundy,GRS-0069,168,203,93,Bags & leather goods,Bursa Atelier,Cashmere clutch in burgundy,Handcrafted cashmere clutch finished by Anatolian artisans for everyday wear,https://picsum.photos/seed/cashmere-clutch-burgundy-69-1/600/600|https://picsum.photos/seed/cashmere-clutch-burgundy-69-2/600/600|https://picsum.photos/seed/cashmere-clutch-burgundy-69-3/600/600|https://picsum.photos/seed/cashmere-clutch-burgundy-69-4/600/600
Cotton Kaftan Navy,GRS-0070,181,,110,Apparel & clothing,Anatolia Co.,Cotton kaftan in navy,Handcrafted cotton kaftan finished by Anatolian artisans for everyday wear,https://picsum.photos/seed/cotton-kaftan-navy-70-1/600/600|https://picsum.photos/seed/cotton-kaftan-navy-70-2/600/600|https://picsum.photos/seed/cotton-kaftan-navy-70-3/600/600
Wool Curtain Burgundy,GRS-0071,194,,7,Textiles & home,House label,Wool curtain in burgundy,Handcrafted wool curtain finished by Anatolian artisans for everyday wear,https://picsum.photos/seed/wool-curtain-burgundy-71-1/600/600|https://picsum.photos/seed/wool-curtain-burgundy-71-2/600/600|https://picsum.photos/seed/wool-curtain-burgundy-71-3/600/600|https://picsum.photos/seed/wool-curtain-burgundy-71-4/600/600
Denim Scarf Navy,GRS-0072,21,31,24,Accessories,Aysel Tekstil,Denim scarf in navy,Handcrafted denim scarf finished by Anatolian artisans for everyday wear,https://picsum.photos/seed/denim-scarf-navy-72-1/600/600|https://picsum.photos/seed/denim-scarf-navy-72-2/600/600|https://picsum.photos/seed/denim-scarf-navy-72-3/600/600
Canvas Loafers Burgundy,GRS-0073,34,,41,Footwear,Bursa Atelier,Canvas loafers in burgundy,Handcrafted canvas loafers finished by Anatolian artisans for everyday wear,https://picsum.photos/seed/canvas-loafers-burgundy-73-1/600/600|https://picsum.photos/seed/canvas-loafers-burgundy-73-2/600/600|https://picsum.photos/seed/canvas-loafers-burgundy-73-3/600/600|https://picsum.photos/seed/canvas-loafers-burgundy-73-4/600/600
Silk Wallet Navy,GRS-0074,47,,58,Bags & leather goods,Anatolia Co.,Silk wallet in navy,Handcrafted silk wallet finished by Anatolian artisans for everyday wear,https://picsum.photos/seed/silk-wallet-navy-74-1/600/600|https://picsum.photos/seed/silk-wallet-navy-74-2/600/600|https://picsum.photos/seed/silk-wallet-navy-74-3/600/600
Suede Shirt Burgundy,GRS-0075,60,85,75,Apparel & clothing,House label,Suede shirt in burgundy,Handcrafted suede shirt finished by Anatolian artisans for everyday wear,https://picsum.photos/seed/suede-shirt-burgundy-75-1/600/600|https://picsum.photos/seed/suede-shirt-burgundy-75-2/600/600|https://picsum.photos/seed/suede-shirt-burgundy-75-3/600/600|https://picsum.photos/seed/suede-shirt-burgundy-75-4/600/600
Velvet Blanket Navy,GRS-0076,73,,92,Textiles & home,Aysel Tekstil,Velvet blanket in navy,Handcrafted velvet blanket finished by Anatolian artisans for everyday wear,https://picsum.photos/seed/velvet-blanket-navy-76-1/600/600|https://picsum.photos/seed/velvet-blanket-navy-76-2/600/600|https://picsum.photos/seed/velvet-blanket-navy-76-3/600/600
Linen Hat Burgundy,GRS-0077,86,,109,Accessories,Bursa Atelier,Linen hat in burgundy,Handcrafted linen hat finished by Anatolian artisans for everyday wear,https://picsum.photos/seed/linen-hat-burgundy-77-1/600/600|https://picsum.photos/seed/linen-hat-burgundy-77-2/600/600|https://picsum.photos/seed/linen-hat-burgundy-77-3/600/600|https://picsum.photos/seed/linen-hat-burgundy-77-4/600/600
Leather Sandals Navy,GRS-0078,99,139,6,Footwear,Anatolia Co.,Leather sandals in navy,Handcrafted leather sandals finished by Anatolian artisans for everyday wear,https://picsum.photos/seed/leather-sandals-navy-78-1/600/600|https://picsum.photos/seed/leather-sandals-navy-78-2/600/600|https://picsum.photos/seed/leather-sandals-navy-78-3/600/600
Cashmere Backpack Burgundy,GRS-0079,112,,23,Bags & leather goods,House label,Cashmere backpack in burgundy,Handcrafted cashmere backpack finished by Anatolian artisans for everyday wear,https://picsum.photos/seed/cashmere-backpack-burgundy-79-1/600/600|https://picsum.photos/seed/cashmere-backpack-burgundy-79-2/600/600|https://picsum.photos/seed/cashmere-backpack-burgundy-79-3/600/600|https://picsum.photos/seed/cashmere-backpack-burgundy-79-4/600/600
Cotton Kaftan Navy,GRS-0080,125,,40,Apparel & clothing,Aysel Tekstil,Cotton kaftan in navy,Handcrafted cotton kaftan finished by Anatolian artisans for everyday wear,https://picsum.photos/seed/cotton-kaftan-navy-80-1/600/600|https://picsum.photos/seed/cotton-kaftan-navy-80-2/600/600|https://picsum.photos/seed/cotton-kaftan-navy-80-3/600/600
Wool Throw Burgundy,GRS-0081,138,153,57,Textiles & home,Bursa Atelier,Wool throw in burgundy,Handcrafted wool throw finished by Anatolian artisans for everyday wear,https://picsum.photos/seed/wool-throw-burgundy-81-1/600/600|https://picsum.photos/seed/wool-throw-burgundy-81-2/600/600|https://picsum.photos/seed/wool-throw-burgundy-81-3/600/600|https://picsum.photos/seed/wool-throw-burgundy-81-4/600/600
Denim Bracelet Navy,GRS-0082,151,,74,Accessories,Anatolia Co.,Denim bracelet in navy,Handcrafted denim bracelet finished by Anatolian artisans for everyday wear,https://picsum.photos/seed/denim-bracelet-navy-82-1/600/600|https://picsum.photos/seed/denim-bracelet-navy-82-2/600/600|https://picsum.photos/seed/denim-bracelet-navy-82-3/600/600
Canvas Heels Burgundy,GRS-0083,164,,91,Footwear,House label,Canvas heels in burgundy,Handcrafted canvas heels finished by Anatolian artisans for everyday wear,https://picsum.photos/seed/canvas-heels-burgundy-83-1/600/600|https://picsum.photos/seed/canvas-heels-burgundy-83-2/600/600|https://picsum.photos/seed/canvas-heels-burgundy-83-3/600/600|https://picsum.photos/seed/canvas-heels-burgundy-83-4/600/600
Silk Tote Navy,GRS-0084,177,207,108,Bags & leather goods,Aysel Tekstil,Silk tote in navy,Handcrafted silk tote finished by Anatolian artisans for everyday wear,https://picsum.photos/seed/silk-tote-navy-84-1/600/600|https://picsum.photos/seed/silk-tote-navy-84-2/600/600|https://picsum.photos/seed/silk-tote-navy-84-3/600/600
Suede Shirt Burgundy,GRS-0085,190,,5,Apparel & clothing,Bursa Atelier,Suede shirt in burgundy,Handcrafted suede shirt finished by Anatolian artisans for everyday wear,https://picsum.photos/seed/suede-shirt-burgundy-85-1/600/600|https://picsum.photos/seed/suede-shirt-burgundy-85-2/600/600|https://picsum.photos/seed/suede-shirt-burgundy-85-3/600/600|https://picsum.photos/seed/suede-shirt-burgundy-85-4/600/600
Velvet Towel Navy,GRS-0086,17,,22,Textiles & home,Anatolia Co.,Velvet towel in navy,Handcrafted velvet towel finished by Anatolian artisans for everyday wear,https://picsum.photos/seed/velvet-towel-navy-86-1/600/600|https://picsum.photos/seed/velvet-towel-navy-86-2/600/600|https://picsum.photos/seed/velvet-towel-navy-86-3/600/600
Linen Sunglasses Burgundy,GRS-0087,30,75,39,Accessories,House label,Linen sunglasses in burgundy,Handcrafted linen sunglasses finished by Anatolian artisans for everyday wear,https://picsum.photos/seed/linen-sunglasses-burgundy-87-1/600/600|https://picsum.photos/seed/linen-sunglasses-burgundy-87-2/600/600|https://picsum.photos/seed/linen-sunglasses-burgundy-87-3/600/600|https://picsum.photos/seed/linen-sunglasses-burgundy-87-4/600/600
Leather Slippers Navy,GRS-0088,43,,56,Footwear,Aysel Tekstil,Leather slippers in navy,Handcrafted leather slippers finished by Anatolian artisans for everyday wear,https://picsum.photos/seed/leather-slippers-navy-88-1/600/600|https://picsum.photos/seed/leather-slippers-navy-88-2/600/600|https://picsum.photos/seed/leather-slippers-navy-88-3/600/600
Cashmere Duffel Burgundy,GRS-0089,56,,73,Bags & leather goods,Bursa Atelier,Cashmere duffel in burgundy,Handcrafted cashmere duffel finished by Anatolian artisans for everyday wear,https://picsum.photos/seed/cashmere-duffel-burgundy-89-1/600/600|https://picsum.photos/seed/cashmere-duffel-burgundy-89-2/600/600|https://picsum.photos/seed/cashmere-duffel-burgundy-89-3/600/600|https://picsum.photos/seed/cashmere-duffel-burgundy-89-4/600/600
Cotton Kaftan Navy,GRS-0090,69,89,90,Apparel & clothing,Anatolia Co.,Cotton kaftan in navy,Handcrafted cotton kaftan finished by Anatolian artisans for everyday wear,https://picsum.photos/seed/cotton-kaftan-navy-90-1/600/600|https://picsum.photos/seed/cotton-kaftan-navy-90-2/600/600|https://picsum.photos/seed/cotton-kaftan-navy-90-3/600/600
Wool Table Runner Burgundy,GRS-0091,82,,107,Textiles & home,House label,Wool table runner in burgundy,Handcrafted wool table runner finished by Anatolian artisans for everyday wear,https://picsum.photos/seed/wool-table-runner-burgundy-91-1/600/600|https://picsum.photos/seed/wool-table-runner-burgundy-91-2/600/600|https://picsum.photos/seed/wool-table-runner-burgundy-91-3/600/600|https://picsum.photos/seed/wool-table-runner-burgundy-91-4/600/600
Denim Belt Navy,GRS-0092,95,,4,Accessories,Aysel Tekstil,Denim belt in navy,Handcrafted denim belt finished by Anatolian artisans for everyday wear,https://picsum.photos/seed/denim-belt-navy-92-1/600/600|https://picsum.photos/seed/denim-belt-navy-92-2/600/600|https://picsum.photos/seed/denim-belt-navy-92-3/600/600
Canvas Sneakers Burgundy,GRS-0093,108,143,21,Footwear,Bursa Atelier,Canvas sneakers in burgundy,Handcrafted canvas sneakers finished by Anatolian artisans for everyday wear,https://picsum.photos/seed/canvas-sneakers-burgundy-93-1/600/600|https://picsum.photos/seed/canvas-sneakers-burgundy-93-2/600/600|https://picsum.photos/seed/canvas-sneakers-burgundy-93-3/600/600|https://picsum.photos/seed/canvas-sneakers-burgundy-93-4/600/600
Silk Crossbody Bag Navy,GRS-0094,121,,38,Bags & leather goods,Anatolia Co.,Silk crossbody bag in navy,Handcrafted silk crossbody bag finished by Anatolian artisans for everyday wear,https://picsum.photos/seed/silk-crossbody-bag-navy-94-1/600/600|https://picsum.photos/seed/silk-crossbody-bag-navy-94-2/600/600|https://picsum.photos/seed/silk-crossbody-bag-navy-94-3/600/600
Suede Shirt Burgundy,GRS-0095,134,,55,Apparel & clothing,House label,Suede shirt in burgundy,Handcrafted suede shirt finished by Anatolian artisans for everyday wear,https://picsum.photos/seed/suede-shirt-burgundy-95-1/600/600|https://picsum.photos/seed/suede-shirt-burgundy-95-2/600/600|https://picsum.photos/seed/suede-shirt-burgundy-95-3/600/600|https://picsum.photos/seed/suede-shirt-burgundy-95-4/600/600
Velvet Wrap Navy,GRS-0096,147,157,72,Textiles & home,Aysel Tekstil,Velvet wrap in navy,Handcrafted velvet wrap finished by Anatolian artisans for everyday wear,https://picsum.photos/seed/velvet-wrap-navy-96-1/600/600|https://picsum.photos/seed/velvet-wrap-navy-96-2/600/600|https://picsum.photos/seed/velvet-wrap-navy-96-3/600/600
Linen Necklace Burgundy,GRS-0097,160,,89,Accessories,Bursa Atelier,Linen necklace in burgundy,Handcrafted linen necklace finished by Anatolian artisans for everyday wear,https://picsum.photos/seed/linen-necklace-burgundy-97-1/600/600|https://picsum.photos/seed/linen-necklace-burgundy-97-2/600/600|https://picsum.photos/seed/linen-necklace-burgundy-97-3/600/600|https://picsum.photos/seed/linen-necklace-burgundy-97-4/600/600
Leather Boots Navy,GRS-0098,173,,106,Footwear,Anatolia Co.,Leather boots in navy,Handcrafted leather boots finished by Anatolian artisans for everyday wear,https://picsum.photos/seed/leather-boots-navy-98-1/600/600|https://picsum.photos/seed/leather-boots-navy-98-2/600/600|https://picsum.photos/seed/leather-boots-navy-98-3/600/600
Cashmere Clutch Burgundy,GRS-0099,186,211,3,Bags & leather goods,House label,Cashmere clutch in burgundy,Handcrafted cashmere clutch finished by Anatolian artisans for everyday wear,https://picsum.photos/seed/cashmere-clutch-burgundy-99-1/600/600|https://picsum.photos/seed/cashmere-clutch-burgundy-99-2/600/600|https://picsum.photos/seed/cashmere-clutch-burgundy-99-3/600/600|https://picsum.photos/seed/cashmere-clutch-burgundy-99-4/600/600
Cotton Kaftan Navy,GRS-0100,199,,20,Apparel & clothing,Aysel Tekstil,Cotton kaftan in navy,Handcrafted cotton kaftan finished by Anatolian artisans for everyday wear,https://picsum.photos/seed/cotton-kaftan-navy-100-1/600/600|https://picsum.photos/seed/cotton-kaftan-navy-100-2/600/600|https://picsum.photos/seed/cotton-kaftan-navy-100-3/600/600
Wool Bedsheet Burgundy,GRS-0101,26,,37,Textiles & home,Bursa Atelier,Wool bedsheet in burgundy,Handcrafted wool bedsheet finished by Anatolian artisans for everyday wear,https://picsum.photos/seed/wool-bedsheet-burgundy-101-1/600/600|https://picsum.photos/seed/wool-bedsheet-burgundy-101-2/600/600|https://picsum.photos/seed/wool-bedsheet-burgundy-101-3/600/600|https://picsum.photos/seed/wool-bedsheet-burgundy-101-4/600/600
Denim Gloves Navy,GRS-0102,39,79,54,Accessories,Anatolia Co.,Denim gloves in navy,Handcrafted denim gloves finished by Anatolian artisans for everyday wear,https://picsum.photos/seed/denim-gloves-navy-102-1/600/600|https://picsum.photos/seed/denim-gloves-navy-102-2/600/600|https://picsum.photos/seed/denim-gloves-navy-102-3/600/600
Canvas Loafers Burgundy,GRS-0103,52,,71,Footwear,House label,Canvas loafers in burgundy,Handcrafted canvas loafers finished by Anatolian artisans for everyday wear,https://picsum.photos/seed/canvas-loafers-burgundy-103-1/600/600|https://picsum.photos/seed/canvas-loafers-burgundy-103-2/600/600|https://picsum.photos/seed/canvas-loafers-burgundy-103-3/600/600|https://picsum.photos/seed/canvas-loafers-burgundy-103-4/600/600
Silk Wallet Navy,GRS-0104,65,,88,Bags & leather goods,Aysel Tekstil,Silk wallet in navy,Handcrafted silk wallet finished by Anatolian artisans for everyday wear,https://picsum.photos/seed/silk-wallet-navy-104-1/600/600|https://picsum.photos/seed/silk-wallet-navy-104-2/600/600|https://picsum.photos/seed/silk-wallet-navy-104-3/600/600
Suede Shirt Burgundy,GRS-0105,78,93,105,Apparel & clothing,Bursa Atelier,Suede shirt in burgundy,Handcrafted suede shirt finished by Anatolian artisans for everyday wear,https://picsum.photos/seed/suede-shirt-burgundy-105-1/600/600|https://picsum.photos/seed/suede-shirt-burgundy-105-2/600/600|https://picsum.photos/seed/suede-shirt-burgundy-105-3/600/600|https://picsum.photos/seed/suede-shirt-burgundy-105-4/600/600
Velvet Cushion Cover Navy,GRS-0106,91,,2,Textiles & home,Anatolia Co.,Velvet cushion cover in navy,Handcrafted velvet cushion cover finished by Anatolian artisans for everyday wear,https://picsum.photos/seed/velvet-cushion-cover-navy-106-1/600/600|https://picsum.photos/seed/velvet-cushion-cover-navy-106-2/600/600|https://picsum.photos/seed/velvet-cushion-cover-navy-106-3/600/600
Linen Earrings Burgundy,GRS-0107,104,,19,Accessories,House label,Linen earrings in burgundy,Handcrafted linen earrings finished by Anatolian artisans for everyday wear,https://picsum.photos/seed/linen-earrings-burgundy-107-1/600/600|https://picsum.photos/seed/linen-earrings-burgundy-107-2/600/600|https://picsum.photos/seed/linen-earrings-burgundy-107-3/600/600|https://picsum.photos/seed/linen-earrings-burgundy-107-4/600/600
Leather Sandals Navy,GRS-0108,117,147,36,Footwear,Aysel Tekstil,Leather sandals in navy,Handcrafted leather sandals finished by Anatolian artisans for everyday wear,https://picsum.photos/seed/leather-sandals-navy-108-1/600/600|https://picsum.photos/seed/leather-sandals-navy-108-2/600/600|https://picsum.photos/seed/leather-sandals-navy-108-3/600/600
Cashmere Backpack Burgundy,GRS-0109,130,,53,Bags & leather goods,Bursa Atelier,Cashmere backpack in burgundy,Handcrafted cashmere backpack finished by Anatolian artisans for everyday wear,https://picsum.photos/seed/cashmere-backpack-burgundy-109-1/600/600|https://picsum.photos/seed/cashmere-backpack-burgundy-109-2/600/600|https://picsum.photos/seed/cashmere-backpack-burgundy-109-3/600/600|https://picsum.photos/seed/cashmere-backpack-burgundy-109-4/600/600
Cotton Kaftan Navy,GRS-0110,143,,70,Apparel & clothing,Anatolia Co.,Cotton kaftan in navy,Handcrafted cotton kaftan finished by Anatolian artisans for everyday wear,https://picsum.photos/seed/cotton-kaftan-navy-110-1/600/600|https://picsum.photos/seed/cotton-kaftan-navy-110-2/600/600|https://picsum.photos/seed/cotton-kaftan-navy-110-3/600/600
Wool Curtain Burgundy,GRS-0111,156,201,87,Textiles & home,House label,Wool curtain in burgundy,Handcrafted wool curtain finished by Anatolian artisans for everyday wear,https://picsum.photos/seed/wool-curtain-burgundy-111-1/600/600|https://picsum.photos/seed/wool-curtain-burgundy-111-2/600/600|https://picsum.photos/seed/wool-curtain-burgundy-111-3/600/600|https://picsum.photos/seed/wool-curtain-burgundy-111-4/600/600
Denim Scarf Navy,GRS-0112,169,,104,Accessories,Aysel Tekstil,Denim scarf in navy,Handcrafted denim scarf finished by Anatolian artisans for everyday wear,https://picsum.photos/seed/denim-scarf-navy-112-1/600/600|https://picsum.photos/seed/denim-scarf-navy-112-2/600/600|https://picsum.photos/seed/denim-scarf-navy-112-3/600/600
Canvas Heels Burgundy,GRS-0113,182,,1,Footwear,Bursa Atelier,Canvas heels in burgundy,Handcrafted canvas heels finished by Anatolian artisans for everyday wear,https://picsum.photos/seed/canvas-heels-burgundy-113-1/600/600|https://picsum.photos/seed/canvas-heels-burgundy-113-2/600/600|https://picsum.photos/seed/canvas-heels-burgundy-113-3/600/600|https://picsum.photos/seed/canvas-heels-burgundy-113-4/600/600
Silk Tote Navy,GRS-0114,195,215,18,Bags & leather goods,Anatolia Co.,Silk tote in navy,Handcrafted silk tote finished by Anatolian artisans for everyday wear,https://picsum.photos/seed/silk-tote-navy-114-1/600/600|https://picsum.photos/seed/silk-tote-navy-114-2/600/600|https://picsum.photos/seed/silk-tote-navy-114-3/600/600
Suede Shirt Burgundy,GRS-0115,22,,35,Apparel & clothing,House label,Suede shirt in burgundy,Handcrafted suede shirt finished by Anatolian artisans for everyday wear,https://picsum.photos/seed/suede-shirt-burgundy-115-1/600/600|https://picsum.photos/seed/suede-shirt-burgundy-115-2/600/600|https://picsum.photos/seed/suede-shirt-burgundy-115-3/600/600|https://picsum.photos/seed/suede-shirt-burgundy-115-4/600/600
Velvet Blanket Navy,GRS-0116,35,,52,Textiles & home,Aysel Tekstil,Velvet blanket in navy,Handcrafted velvet blanket finished by Anatolian artisans for everyday wear,https://picsum.photos/seed/velvet-blanket-navy-116-1/600/600|https://picsum.photos/seed/velvet-blanket-navy-116-2/600/600|https://picsum.photos/seed/velvet-blanket-navy-116-3/600/600
Linen Hat Burgundy,GRS-0117,48,83,69,Accessories,Bursa Atelier,Linen hat in burgundy,Handcrafted linen hat finished by Anatolian artisans for everyday wear,https://picsum.photos/seed/linen-hat-burgundy-117-1/600/600|https://picsum.photos/seed/linen-hat-burgundy-117-2/600/600|https://picsum.photos/seed/linen-hat-burgundy-117-3/600/600|https://picsum.photos/seed/linen-hat-burgundy-117-4/600/600
Leather Slippers Navy,GRS-0118,61,,86,Footwear,Anatolia Co.,Leather slippers in navy,Handcrafted leather slippers finished by Anatolian artisans for everyday wear,https://picsum.photos/seed/leather-slippers-navy-118-1/600/600|https://picsum.photos/seed/leather-slippers-navy-118-2/600/600|https://picsum.photos/seed/leather-slippers-navy-118-3/600/600
Cashmere Duffel Burgundy,GRS-0119,74,,103,Bags & leather goods,House label,Cashmere duffel in burgundy,Handcrafted cashmere duffel finished by Anatolian artisans for everyday wear,https://picsum.photos/seed/cashmere-duffel-burgundy-119-1/600/600|https://picsum.photos/seed/cashmere-duffel-burgundy-119-2/600/600|https://picsum.photos/seed/cashmere-duffel-burgundy-119-3/600/600|https://picsum.photos/seed/cashmere-duffel-burgundy-119-4/600/600
Cotton Kaftan Navy,GRS-0120,87,97,0,Apparel & clothing,Aysel Tekstil,Cotton kaftan in navy,Handcrafted cotton kaftan finished by Anatolian artisans for everyday wear,https://picsum.photos/seed/cotton-kaftan-navy-120-1/600/600|https://picsum.photos/seed/cotton-kaftan-navy-120-2/600/600|https://picsum.photos/seed/cotton-kaftan-navy-120-3/600/600
Wool Throw Burgundy,GRS-0121,100,,17,Textiles & home,Bursa Atelier,Wool throw in burgundy,Handcrafted wool throw finished by Anatolian artisans for everyday wear,https://picsum.photos/seed/wool-throw-burgundy-121-1/600/600|https://picsum.photos/seed/wool-throw-burgundy-121-2/600/600|https://picsum.photos/seed/wool-throw-burgundy-121-3/600/600|https://picsum.photos/seed/wool-throw-burgundy-121-4/600/600
Denim Bracelet Navy,GRS-0122,113,,34,Accessories,Anatolia Co.,Denim bracelet in navy,Handcrafted denim bracelet finished by Anatolian artisans for everyday wear,https://picsum.photos/seed/denim-bracelet-navy-122-1/600/600|https://picsum.photos/seed/denim-bracelet-navy-122-2/600/600|https://picsum.photos/seed/denim-bracelet-navy-122-3/600/600
Canvas Sneakers Burgundy,GRS-0123,126,151,51,Footwear,House label,Canvas sneakers in burgundy,Handcrafted canvas sneakers finished by Anatolian artisans for everyday wear,https://picsum.photos/seed/canvas-sneakers-burgundy-123-1/600/600|https://picsum.photos/seed/canvas-sneakers-burgundy-123-2/600/600|https://picsum.photos/seed/canvas-sneakers-burgundy-123-3/600/600|https://picsum.photos/seed/canvas-sneakers-burgundy-123-4/600/600
Silk Crossbody Bag Navy,GRS-0124,139,,68,Bags & leather goods,Aysel Tekstil,Silk crossbody bag in navy,Handcrafted silk crossbody bag finished by Anatolian artisans for everyday wear,https://picsum.photos/seed/silk-crossbody-bag-navy-124-1/600/600|https://picsum.photos/seed/silk-crossbody-bag-navy-124-2/600/600|https://picsum.photos/seed/silk-crossbody-bag-navy-124-3/600/600
Suede Shirt Burgundy,GRS-0125,152,,85,Apparel & clothing,Bursa Atelier,Suede shirt in burgundy,Handcrafted suede shirt finished by Anatolian artisans for everyday wear,https://picsum.photos/seed/suede-shirt-burgundy-125-1/600/600|https://picsum.photos/seed/suede-shirt-burgundy-125-2/600/600|https://picsum.photos/seed/suede-shirt-burgundy-125-3/600/600|https://picsum.photos/seed/suede-shirt-burgundy-125-4/600/600
Velvet Towel Navy,GRS-0126,165,205,102,Textiles & home,Anatolia Co.,Velvet towel in navy,Handcrafted velvet towel finished by Anatolian artisans for everyday wear,https://picsum.photos/seed/velvet-towel-navy-126-1/600/600|https://picsum.photos/seed/velvet-towel-navy-126-2/600/600|https://picsum.photos/seed/velvet-towel-navy-126-3/600/600
Linen Sunglasses Burgundy,GRS-0127,178,,119,Accessories,House label,Linen sunglasses in burgundy,Handcrafted linen sunglasses finished by Anatolian artisans for everyday wear,https://picsum.photos/seed/linen-sunglasses-burgundy-127-1/600/600|https://picsum.photos/seed/linen-sunglasses-burgundy-127-2/600/600|https://picsum.photos/seed/linen-sunglasses-burgundy-127-3/600/600|https://picsum.photos/seed/linen-sunglasses-burgundy-127-4/600/600
Leather Boots Navy,GRS-0128,191,,16,Footwear,Aysel Tekstil,Leather boots in navy,Handcrafted leather boots finished by Anatolian artisans for everyday wear,https://picsum.photos/seed/leather-boots-navy-128-1/600/600|https://picsum.photos/seed/leather-boots-navy-128-2/600/600|https://picsum.photos/seed/leather-boots-navy-128-3/600/600
Cashmere Clutch Burgundy,GRS-0129,18,33,33,Bags & leather goods,Bursa Atelier,Cashmere clutch in burgundy,Handcrafted cashmere clutch finished by Anatolian artisans for everyday wear,https://picsum.photos/seed/cashmere-clutch-burgundy-129-1/600/600|https://picsum.photos/seed/cashmere-clutch-burgundy-129-2/600/600|https://picsum.photos/seed/cashmere-clutch-burgundy-129-3/600/600|https://picsum.photos/seed/cashmere-clutch-burgundy-129-4/600/600
Cotton Kaftan Navy,GRS-0130,31,,50,Apparel & clothing,Anatolia Co.,Cotton kaftan in navy,Handcrafted cotton kaftan finished by Anatolian artisans for everyday wear,https://picsum.photos/seed/cotton-kaftan-navy-130-1/600/600|https://picsum.photos/seed/cotton-kaftan-navy-130-2/600/600|https://picsum.photos/seed/cotton-kaftan-navy-130-3/600/600
Wool Table Runner Burgundy,GRS-0131,44,,67,Textiles & home,House label,Wool table runner in burgundy,Handcrafted wool table runner finished by Anatolian artisans for everyday wear,https://picsum.photos/seed/wool-table-runner-burgundy-131-1/600/600|https://picsum.photos/seed/wool-table-runner-burgundy-131-2/600/600|https://picsum.photos/seed/wool-table-runner-burgundy-131-3/600/600|https://picsum.photos/seed/wool-table-runner-burgundy-131-4/600/600
Denim Belt Navy,GRS-0132,57,87,84,Accessories,Aysel Tekstil,Denim belt in navy,Handcrafted denim belt finished by Anatolian artisans for everyday wear,https://picsum.photos/seed/denim-belt-navy-132-1/600/600|https://picsum.photos/seed/denim-belt-navy-132-2/600/600|https://picsum.photos/seed/denim-belt-navy-132-3/600/600
Canvas Loafers Burgundy,GRS-0133,70,,101,Footwear,Bursa Atelier,Canvas loafers in burgundy,Handcrafted canvas loafers finished by Anatolian artisans for everyday wear,https://picsum.photos/seed/canvas-loafers-burgundy-133-1/600/600|https://picsum.photos/seed/canvas-loafers-burgundy-133-2/600/600|https://picsum.photos/seed/canvas-loafers-burgundy-133-3/600/600|https://picsum.photos/seed/canvas-loafers-burgundy-133-4/600/600
Silk Wallet Navy,GRS-0134,83,,118,Bags & leather goods,Anatolia Co.,Silk wallet in navy,Handcrafted silk wallet finished by Anatolian artisans for everyday wear,https://picsum.photos/seed/silk-wallet-navy-134-1/600/600|https://picsum.photos/seed/silk-wallet-navy-134-2/600/600|https://picsum.photos/seed/silk-wallet-navy-134-3/600/600
Suede Shirt Burgundy,GRS-0135,96,141,15,Apparel & clothing,House label,Suede shirt in burgundy,Handcrafted suede shirt finished by Anatolian artisans for everyday wear,https://picsum.photos/seed/suede-shirt-burgundy-135-1/600/600|https://picsum.photos/seed/suede-shirt-burgundy-135-2/600/600|https://picsum.photos/seed/suede-shirt-burgundy-135-3/600/600|https://picsum.photos/seed/suede-shirt-burgundy-135-4/600/600
Velvet Wrap Navy,GRS-0136,109,,32,Textiles & home,Aysel Tekstil,Velvet wrap in navy,Handcrafted velvet wrap finished by Anatolian artisans for everyday wear,https://picsum.photos/seed/velvet-wrap-navy-136-1/600/600|https://picsum.photos/seed/velvet-wrap-navy-136-2/600/600|https://picsum.photos/seed/velvet-wrap-navy-136-3/600/600
Linen Necklace Burgundy,GRS-0137,122,,49,Accessories,Bursa Atelier,Linen necklace in burgundy,Handcrafted linen necklace finished by Anatolian artisans for everyday wear,https://picsum.photos/seed/linen-necklace-burgundy-137-1/600/600|https://picsum.photos/seed/linen-necklace-burgundy-137-2/600/600|https://picsum.photos/seed/linen-necklace-burgundy-137-3/600/600|https://picsum.photos/seed/linen-necklace-burgundy-137-4/600/600
Leather Sandals Navy,GRS-0138,135,155,66,Footwear,Anatolia Co.,Leather sandals in navy,Handcrafted leather sandals finished by Anatolian artisans for everyday wear,https://picsum.photos/seed/leather-sandals-navy-138-1/600/600|https://picsum.photos/seed/leather-sandals-navy-138-2/600/600|https://picsum.photos/seed/leather-sandals-navy-138-3/600/600
Cashmere Backpack Burgundy,GRS-0139,148,,83,Bags & leather goods,House label,Cashmere backpack in burgundy,Handcrafted cashmere backpack finished by Anatolian artisans for everyday wear,https://picsum.photos/seed/cashmere-backpack-burgundy-139-1/600/600|https://picsum.photos/seed/cashmere-backpack-burgundy-139-2/600/600|https://picsum.photos/seed/cashmere-backpack-burgundy-139-3/600/600|https://picsum.photos/seed/cashmere-backpack-burgundy-139-4/600/600
Cotton Kaftan Navy,GRS-0140,161,,100,Apparel & clothing,Aysel Tekstil,Cotton kaftan in navy,Handcrafted cotton kaftan finished by Anatolian artisans for everyday wear,https://picsum.photos/seed/cotton-kaftan-navy-140-1/600/600|https://picsum.photos/seed/cotton-kaftan-navy-140-2/600/600|https://picsum.photos/seed/cotton-kaftan-navy-140-3/600/600
Wool Bedsheet Burgundy,GRS-0141,174,209,117,Textiles & home,Bursa Atelier,Wool bedsheet in burgundy,Handcrafted wool bedsheet finished by Anatolian artisans for everyday wear,https://picsum.photos/seed/wool-bedsheet-burgundy-141-1/600/600|https://picsum.photos/seed/wool-bedsheet-burgundy-141-2/600/600|https://picsum.photos/seed/wool-bedsheet-burgundy-141-3/600/600|https://picsum.photos/seed/wool-bedsheet-burgundy-141-4/600/600
Denim Gloves Navy,GRS-0142,187,,14,Accessories,Anatolia Co.,Denim gloves in navy,Handcrafted denim gloves finished by Anatolian artisans for everyday wear,https://picsum.photos/seed/denim-gloves-navy-142-1/600/600|https://picsum.photos/seed/denim-gloves-navy-142-2/600/600|https://picsum.photos/seed/denim-gloves-navy-142-3/600/600
Canvas Heels Burgundy,GRS-0143,200,,31,Footwear,House label,Canvas heels in burgundy,Handcrafted canvas heels finished by Anatolian artisans for everyday wear,https://picsum.photos/seed/canvas-heels-burgundy-143-1/600/600|https://picsum.photos/seed/canvas-heels-burgundy-143-2/600/600|https://picsum.photos/seed/canvas-heels-burgundy-143-3/600/600|https://picsum.photos/seed/canvas-heels-burgundy-143-4/600/600
Silk Tote Navy,GRS-0144,27,37,48,Bags & leather goods,Aysel Tekstil,Silk tote in navy,Handcrafted silk tote finished by Anatolian artisans for everyday wear,https://picsum.photos/seed/silk-tote-navy-144-1/600/600|https://picsum.photos/seed/silk-tote-navy-144-2/600/600|https://picsum.photos/seed/silk-tote-navy-144-3/600/600
Suede Shirt Burgundy,GRS-0145,40,,65,Apparel & clothing,Bursa Atelier,Suede shirt in burgundy,Handcrafted suede shirt finished by Anatolian artisans for everyday wear,https://picsum.photos/seed/suede-shirt-burgundy-145-1/600/600|https://picsum.photos/seed/suede-shirt-burgundy-145-2/600/600|https://picsum.photos/seed/suede-shirt-burgundy-145-3/600/600|https://picsum.photos/seed/suede-shirt-burgundy-145-4/600/600
Velvet Cushion Cover Navy,GRS-0146,53,,82,Textiles & home,Anatolia Co.,Velvet cushion cover in navy,Handcrafted velvet cushion cover finished by Anatolian artisans for everyday wear,https://picsum.photos/seed/velvet-cushion-cover-navy-146-1/600/600|https://picsum.photos/seed/velvet-cushion-cover-navy-146-2/600/600|https://picsum.photos/seed/velvet-cushion-cover-navy-146-3/600/600
Linen Earrings Burgundy,GRS-0147,66,91,99,Accessories,House label,Linen earrings in burgundy,Handcrafted linen earrings finished by Anatolian artisans for everyday wear,https://picsum.photos/seed/linen-earrings-burgundy-147-1/600/600|https://picsum.photos/seed/linen-earrings-burgundy-147-2/600/600|https://picsum.photos/seed/linen-earrings-burgundy-147-3/600/600|https://picsum.photos/seed/linen-earrings-burgundy-147-4/600/600
Leather Slippers Navy,GRS-0148,79,,116,Footwear,Aysel Tekstil,Leather slippers in navy,Handcrafted leather slippers finished by Anatolian artisans for everyday wear,https://picsum.photos/seed/leather-slippers-navy-148-1/600/600|https://picsum.photos/seed/leather-slippers-navy-148-2/600/600|https://picsum.photos/seed/leather-slippers-navy-148-3/600/600
Cashmere Duffel Burgundy,GRS-0149,92,,13,Bags & leather goods,Bursa Atelier,Cashmere duffel in burgundy,Handcrafted cashmere duffel finished by Anatolian artisans for everyday wear,https://picsum.photos/seed/cashmere-duffel-burgundy-149-1/600/600|https://picsum.photos/seed/cashmere-duffel-burgundy-149-2/600/600|https://picsum.photos/seed/cashmere-duffel-burgundy-149-3/600/600|https://picsum.photos/seed/cashmere-duffel-burgundy-149-4/600/600
Cotton Kaftan Navy,GRS-0150,105,145,30,Apparel & clothing,Anatolia Co.,Cotton kaftan in navy,Handcrafted cotton kaftan finished by Anatolian artisans for everyday wear,https://picsum.photos/seed/cotton-kaftan-navy-150-1/600/600|https://picsum.photos/seed/cotton-kaftan-navy-150-2/600/600|https://picsum.photos/seed/cotton-kaftan-navy-150-3/600/600
Wool Curtain Burgundy,GRS-0151,118,,47,Textiles & home,House label,Wool curtain in burgundy,Handcrafted wool curtain finished by Anatolian artisans for everyday wear,https://picsum.photos/seed/wool-curtain-burgundy-151-1/600/600|https://picsum.photos/seed/wool-curtain-burgundy-151-2/600/600|https://picsum.photos/seed/wool-curtain-burgundy-151-3/600/600|https://picsum.photos/seed/wool-curtain-burgundy-151-4/600/600
Denim Scarf Navy,GRS-0152,131,,64,Accessories,Aysel Tekstil,Denim scarf in navy,Handcrafted denim scarf finished by Anatolian artisans for everyday wear,https://picsum.photos/seed/denim-scarf-navy-152-1/600/600|https://picsum.photos/seed/denim-scarf-navy-152-2/600/600|https://picsum.photos/seed/denim-scarf-navy-152-3/600/600
Canvas Sneakers Burgundy,GRS-0153,144,159,81,Footwear,Bursa Atelier,Canvas sneakers in burgundy,Handcrafted canvas sneakers finished by Anatolian artisans for everyday wear,https://picsum.photos/seed/canvas-sneakers-burgundy-153-1/600/600|https://picsum.photos/seed/canvas-sneakers-burgundy-153-2/600/600|https://picsum.photos/seed/canvas-sneakers-burgundy-153-3/600/600|https://picsum.photos/seed/canvas-sneakers-burgundy-153-4/600/600
Silk Crossbody Bag Navy,GRS-0154,157,,98,Bags & leather goods,Anatolia Co.,Silk crossbody bag in navy,Handcrafted silk crossbody bag finished by Anatolian artisans for everyday wear,https://picsum.photos/seed/silk-crossbody-bag-navy-154-1/600/600|https://picsum.photos/seed/silk-crossbody-bag-navy-154-2/600/600|https://picsum.photos/seed/silk-crossbody-bag-navy-154-3/600/600
Suede Shirt Burgundy,GRS-0155,170,,115,Apparel & clothing,House label,Suede shirt in burgundy,Handcrafted suede shirt finished by Anatolian artisans for everyday wear,https://picsum.photos/seed/suede-shirt-burgundy-155-1/600/600|https://picsum.photos/seed/suede-shirt-burgundy-155-2/600/600|https://picsum.photos/seed/suede-shirt-burgundy-155-3/600/600|https://picsum.photos/seed/suede-shirt-burgundy-155-4/600/600
Velvet Blanket Navy,GRS-0156,183,213,12,Textiles & home,Aysel Tekstil,Velvet blanket in navy,Handcrafted velvet blanket finished by Anatolian artisans for everyday wear,https://picsum.photos/seed/velvet-blanket-navy-156-1/600/600|https://picsum.photos/seed/velvet-blanket-navy-156-2/600/600|https://picsum.photos/seed/velvet-blanket-navy-156-3/600/600
Linen Hat Burgundy,GRS-0157,196,,29,Accessories,Bursa Atelier,Linen hat in burgundy,Handcrafted linen hat finished by Anatolian artisans for everyday wear,https://picsum.photos/seed/linen-hat-burgundy-157-1/600/600|https://picsum.photos/seed/linen-hat-burgundy-157-2/600/600|https://picsum.photos/seed/linen-hat-burgundy-157-3/600/600|https://picsum.photos/seed/linen-hat-burgundy-157-4/600/600
Leather Boots Navy,GRS-0158,23,,46,Footwear,Anatolia Co.,Leather boots in navy,Handcrafted leather boots finished by Anatolian artisans for everyday wear,https://picsum.photos/seed/leather-boots-navy-158-1/600/600|https://picsum.photos/seed/leather-boots-navy-158-2/600/600|https://picsum.photos/seed/leather-boots-navy-158-3/600/600
Cashmere Clutch Burgundy,GRS-0159,36,81,63,Bags & leather goods,House label,Cashmere clutch in burgundy,Handcrafted cashmere clutch finished by Anatolian artisans for everyday wear,https://picsum.photos/seed/cashmere-clutch-burgundy-159-1/600/600|https://picsum.photos/seed/cashmere-clutch-burgundy-159-2/600/600|https://picsum.photos/seed/cashmere-clutch-burgundy-159-3/600/600|https://picsum.photos/seed/cashmere-clutch-burgundy-159-4/600/600
Cotton Kaftan Navy,GRS-0160,49,,80,Apparel & clothing,Aysel Tekstil,Cotton kaftan in navy,Handcrafted cotton kaftan finished by Anatolian artisans for everyday wear,https://picsum.photos/seed/cotton-kaftan-navy-160-1/600/600|https://picsum.photos/seed/cotton-kaftan-navy-160-2/600/600|https://picsum.photos/seed/cotton-kaftan-navy-160-3/600/600
Wool Throw Burgundy,GRS-0161,62,,97,Textiles & home,Bursa Atelier,Wool throw in burgundy,Handcrafted wool throw finished by Anatolian artisans for everyday wear,https://picsum.photos/seed/wool-throw-burgundy-161-1/600/600|https://picsum.photos/seed/wool-throw-burgundy-161-2/600/600|https://picsum.photos/seed/wool-throw-burgundy-161-3/600/600|https://picsum.photos/seed/wool-throw-burgundy-161-4/600/600
Denim Bracelet Navy,GRS-0162,75,95,114,Accessories,Anatolia Co.,Denim bracelet in navy,Handcrafted denim bracelet finished by Anatolian artisans for everyday wear,https://picsum.photos/seed/denim-bracelet-navy-162-1/600/600|https://picsum.photos/seed/denim-bracelet-navy-162-2/600/600|https://picsum.photos/seed/denim-bracelet-navy-162-3/600/600
Canvas Loafers Burgundy,GRS-0163,88,,11,Footwear,House label,Canvas loafers in burgundy,Handcrafted canvas loafers finished by Anatolian artisans for everyday wear,https://picsum.photos/seed/canvas-loafers-burgundy-163-1/600/600|https://picsum.photos/seed/canvas-loafers-burgundy-163-2/600/600|https://picsum.photos/seed/canvas-loafers-burgundy-163-3/600/600|https://picsum.photos/seed/canvas-loafers-burgundy-163-4/600/600
Silk Wallet Navy,GRS-0164,101,,28,Bags & leather goods,Aysel Tekstil,Silk wallet in navy,Handcrafted silk wallet finished by Anatolian artisans for everyday wear,https://picsum.photos/seed/silk-wallet-navy-164-1/600/600|https://picsum.photos/seed/silk-wallet-navy-164-2/600/600|https://picsum.photos/seed/silk-wallet-navy-164-3/600/600
Suede Shirt Burgundy,GRS-0165,114,149,45,Apparel & clothing,Bursa Atelier,Suede shirt in burgundy,Handcrafted suede shirt finished by Anatolian artisans for everyday wear,https://picsum.photos/seed/suede-shirt-burgundy-165-1/600/600|https://picsum.photos/seed/suede-shirt-burgundy-165-2/600/600|https://picsum.photos/seed/suede-shirt-burgundy-165-3/600/600|https://picsum.photos/seed/suede-shirt-burgundy-165-4/600/600
Velvet Towel Navy,GRS-0166,127,,62,Textiles & home,Anatolia Co.,Velvet towel in navy,Handcrafted velvet towel finished by Anatolian artisans for everyday wear,https://picsum.photos/seed/velvet-towel-navy-166-1/600/600|https://picsum.photos/seed/velvet-towel-navy-166-2/600/600|https://picsum.photos/seed/velvet-towel-navy-166-3/600/600
Linen Sunglasses Burgundy,GRS-0167,140,,79,Accessories,House label,Linen sunglasses in burgundy,Handcrafted linen sunglasses finished by Anatolian artisans for everyday wear,https://picsum.photos/seed/linen-sunglasses-burgundy-167-1/600/600|https://picsum.photos/seed/linen-sunglasses-burgundy-167-2/600/600|https://picsum.photos/seed/linen-sunglasses-burgundy-167-3/600/600|https://picsum.photos/seed/linen-sunglasses-burgundy-167-4/600/600
Leather Sandals Navy,GRS-0168,153,163,96,Footwear,Aysel Tekstil,Leather sandals in navy,Handcrafted leather sandals finished by Anatolian artisans for everyday wear,https://picsum.photos/seed/leather-sandals-navy-168-1/600/600|https://picsum.photos/seed/leather-sandals-navy-168-2/600/600|https://picsum.photos/seed/leather-sandals-navy-168-3/600/600
Cashmere Backpack Burgundy,GRS-0169,166,,113,Bags & leather goods,Bursa Atelier,Cashmere backpack in burgundy,Handcrafted cashmere backpack finished by Anatolian artisans for everyday wear,https://picsum.photos/seed/cashmere-backpack-burgundy-169-1/600/600|https://picsum.photos/seed/cashmere-backpack-burgundy-169-2/600/600|https://picsum.photos/seed/cashmere-backpack-burgundy-169-3/600/600|https://picsum.photos/seed/cashmere-backpack-burgundy-169-4/600/600
Cotton Kaftan Navy,GRS-0170,179,,10,Apparel & clothing,Anatolia Co.,Cotton kaftan in navy,Handcrafted cotton kaftan finished by Anatolian artisans for everyday wear,https://picsum.photos/seed/cotton-kaftan-navy-170-1/600/600|https://picsum.photos/seed/cotton-kaftan-navy-170-2/600/600|https://picsum.photos/seed/cotton-kaftan-navy-170-3/600/600
Wool Table Runner Burgundy,GRS-0171,192,217,27,Textiles & home,House label,Wool table runner in burgundy,Handcrafted wool table runner finished by Anatolian artisans for everyday wear,https://picsum.photos/seed/wool-table-runner-burgundy-171-1/600/600|https://picsum.photos/seed/wool-table-runner-burgundy-171-2/600/600|https://picsum.photos/seed/wool-table-runner-burgundy-171-3/600/600|https://picsum.photos/seed/wool-table-runner-burgundy-171-4/600/600
Denim Belt Navy,GRS-0172,19,,44,Accessories,Aysel Tekstil,Denim belt in navy,Handcrafted denim belt finished by Anatolian artisans for everyday wear,https://picsum.photos/seed/denim-belt-navy-172-1/600/600|https://picsum.photos/seed/denim-belt-navy-172-2/600/600|https://picsum.photos/seed/denim-belt-navy-172-3/600/600
Canvas Heels Burgundy,GRS-0173,32,,61,Footwear,Bursa Atelier,Canvas heels in burgundy,Handcrafted canvas heels finished by Anatolian artisans for everyday wear,https://picsum.photos/seed/canvas-heels-burgundy-173-1/600/600|https://picsum.photos/seed/canvas-heels-burgundy-173-2/600/600|https://picsum.photos/seed/canvas-heels-burgundy-173-3/600/600|https://picsum.photos/seed/canvas-heels-burgundy-173-4/600/600
Silk Tote Navy,GRS-0174,45,85,78,Bags & leather goods,Anatolia Co.,Silk tote in navy,Handcrafted silk tote finished by Anatolian artisans for everyday wear,https://picsum.photos/seed/silk-tote-navy-174-1/600/600|https://picsum.photos/seed/silk-tote-navy-174-2/600/600|https://picsum.photos/seed/silk-tote-navy-174-3/600/600
Suede Shirt Burgundy,GRS-0175,58,,95,Apparel & clothing,House label,Suede shirt in burgundy,Handcrafted suede shirt finished by Anatolian artisans for everyday wear,https://picsum.photos/seed/suede-shirt-burgundy-175-1/600/600|https://picsum.photos/seed/suede-shirt-burgundy-175-2/600/600|https://picsum.photos/seed/suede-shirt-burgundy-175-3/600/600|https://picsum.photos/seed/suede-shirt-burgundy-175-4/600/600
Velvet Wrap Navy,GRS-0176,71,,112,Textiles & home,Aysel Tekstil,Velvet wrap in navy,Handcrafted velvet wrap finished by Anatolian artisans for everyday wear,https://picsum.photos/seed/velvet-wrap-navy-176-1/600/600|https://picsum.photos/seed/velvet-wrap-navy-176-2/600/600|https://picsum.photos/seed/velvet-wrap-navy-176-3/600/600
Linen Necklace Burgundy,GRS-0177,84,99,9,Accessories,Bursa Atelier,Linen necklace in burgundy,Handcrafted linen necklace finished by Anatolian artisans for everyday wear,https://picsum.photos/seed/linen-necklace-burgundy-177-1/600/600|https://picsum.photos/seed/linen-necklace-burgundy-177-2/600/600|https://picsum.photos/seed/linen-necklace-burgundy-177-3/600/600|https://picsum.photos/seed/linen-necklace-burgundy-177-4/600/600
Leather Slippers Navy,GRS-0178,97,,26,Footwear,Anatolia Co.,Leather slippers in navy,Handcrafted leather slippers finished by Anatolian artisans for everyday wear,https://picsum.photos/seed/leather-slippers-navy-178-1/600/600|https://picsum.photos/seed/leather-slippers-navy-178-2/600/600|https://picsum.photos/seed/leather-slippers-navy-178-3/600/600
Cashmere Duffel Burgundy,GRS-0179,110,,43,Bags & leather goods,House label,Cashmere duffel in burgundy,Handcrafted cashmere duffel finished by Anatolian artisans for everyday wear,https://picsum.photos/seed/cashmere-duffel-burgundy-179-1/600/600|https://picsum.photos/seed/cashmere-duffel-burgundy-179-2/600/600|https://picsum.photos/seed/cashmere-duffel-burgundy-179-3/600/600|https://picsum.photos/seed/cashmere-duffel-burgundy-179-4/600/600
Cotton Kaftan Navy,GRS-0180,123,153,60,Apparel & clothing,Aysel Tekstil,Cotton kaftan in navy,Handcrafted cotton kaftan finished by Anatolian artisans for everyday wear,https://picsum.photos/seed/cotton-kaftan-navy-180-1/600/600|https://picsum.photos/seed/cotton-kaftan-navy-180-2/600/600|https://picsum.photos/seed/cotton-kaftan-navy-180-3/600/600
Wool Bedsheet Burgundy,GRS-0181,136,,77,Textiles & home,Bursa Atelier,Wool bedsheet in burgundy,Handcrafted wool bedsheet finished by Anatolian artisans for everyday wear,https://picsum.photos/seed/wool-bedsheet-burgundy-181-1/600/600|https://picsum.photos/seed/wool-bedsheet-burgundy-181-2/600/600|https://picsum.photos/seed/wool-bedsheet-burgundy-181-3/600/600|https://picsum.photos/seed/wool-bedsheet-burgundy-181-4/600/600
Denim Gloves Navy,GRS-0182,149,,94,Accessories,Anatolia Co.,Denim gloves in navy,Handcrafted denim gloves finished by Anatolian artisans for everyday wear,https://picsum.photos/seed/denim-gloves-navy-182-1/600/600|https://picsum.photos/seed/denim-gloves-navy-182-2/600/600|https://picsum.photos/seed/denim-gloves-navy-182-3/600/600
Canvas Sneakers Burgundy,GRS-0183,162,207,111,Footwear,House label,Canvas sneakers in burgundy,Handcrafted canvas sneakers finished by Anatolian artisans for everyday wear,https://picsum.photos/seed/canvas-sneakers-burgundy-183-1/600/600|https://picsum.photos/seed/canvas-sneakers-burgundy-183-2/600/600|https://picsum.photos/seed/canvas-sneakers-burgundy-183-3/600/600|https://picsum.photos/seed/canvas-sneakers-burgundy-183-4/600/600
Silk Crossbody Bag Navy,GRS-0184,175,,8,Bags & leather goods,Aysel Tekstil,Silk crossbody bag in navy,Handcrafted silk crossbody bag finished by Anatolian artisans for everyday wear,https://picsum.photos/seed/silk-crossbody-bag-navy-184-1/600/600|https://picsum.photos/seed/silk-crossbody-bag-navy-184-2/600/600|https://picsum.photos/seed/silk-crossbody-bag-navy-184-3/600/600
Suede Shirt Burgundy,GRS-0185,188,,25,Apparel & clothing,Bursa Atelier,Suede shirt in burgundy,Handcrafted suede shirt finished by Anatolian artisans for everyday wear,https://picsum.photos/seed/suede-shirt-burgundy-185-1/600/600|https://picsum.photos/seed/suede-shirt-burgundy-185-2/600/600|https://picsum.photos/seed/suede-shirt-burgundy-185-3/600/600|https://picsum.photos/seed/suede-shirt-burgundy-185-4/600/600
Velvet Cushion Cover Navy,GRS-0186,15,35,42,Textiles & home,Anatolia Co.,Velvet cushion cover in navy,Handcrafted velvet cushion cover finished by Anatolian artisans for everyday wear,https://picsum.photos/seed/velvet-cushion-cover-navy-186-1/600/600|https://picsum.photos/seed/velvet-cushion-cover-navy-186-2/600/600|https://picsum.photos/seed/velvet-cushion-cover-navy-186-3/600/600
Linen Earrings Burgundy,GRS-0187,28,,59,Accessories,House label,Linen earrings in burgundy,Handcrafted linen earrings finished by Anatolian artisans for everyday wear,https://picsum.photos/seed/linen-earrings-burgundy-187-1/600/600|https://picsum.photos/seed/linen-earrings-burgundy-187-2/600/600|https://picsum.photos/seed/linen-earrings-burgundy-187-3/600/600|https://picsum.photos/seed/linen-earrings-burgundy-187-4/600/600
Leather Boots Navy,GRS-0188,41,,76,Footwear,Aysel Tekstil,Leather boots in navy,Handcrafted leather boots finished by Anatolian artisans for everyday wear,https://picsum.photos/seed/leather-boots-navy-188-1/600/600|https://picsum.photos/seed/leather-boots-navy-188-2/600/600|https://picsum.photos/seed/leather-boots-navy-188-3/600/600
Cashmere Clutch Burgundy,GRS-0189,54,89,93,Bags & leather goods,Bursa Atelier,Cashmere clutch in burgundy,Handcrafted cashmere clutch finished by Anatolian artisans for everyday wear,https://picsum.photos/seed/cashmere-clutch-burgundy-189-1/600/600|https://picsum.photos/seed/cashmere-clutch-burgundy-189-2/600/600|https://picsum.photos/seed/cashmere-clutch-burgundy-189-3/600/600|https://picsum.photos/seed/cashmere-clutch-burgundy-189-4/600/600
Cotton Kaftan Navy,GRS-0190,67,,110,Apparel & clothing,Anatolia Co.,Cotton kaftan in navy,Handcrafted cotton kaftan finished by Anatolian artisans for everyday wear,https://picsum.photos/seed/cotton-kaftan-navy-190-1/600/600|https://picsum.photos/seed/cotton-kaftan-navy-190-2/600/600|https://picsum.photos/seed/cotton-kaftan-navy-190-3/600/600
Wool Curtain Burgundy,GRS-0191,80,,7,Textiles & home,House label,Wool curtain in burgundy,Handcrafted wool curtain finished by Anatolian artisans for everyday wear,https://picsum.photos/seed/wool-curtain-burgundy-191-1/600/600|https://picsum.photos/seed/wool-curtain-burgundy-191-2/600/600|https://picsum.photos/seed/wool-curtain-burgundy-191-3/600/600|https://picsum.photos/seed/wool-curtain-burgundy-191-4/600/600
Denim Scarf Navy,GRS-0192,93,103,24,Accessories,Aysel Tekstil,Denim scarf in navy,Handcrafted denim scarf finished by Anatolian artisans for everyday wear,https://picsum.photos/seed/denim-scarf-navy-192-1/600/600|https://picsum.photos/seed/denim-scarf-navy-192-2/600/600|https://picsum.photos/seed/denim-scarf-navy-192-3/600/600
Canvas Loafers Burgundy,GRS-0193,106,,41,Footwear,Bursa Atelier,Canvas loafers in burgundy,Handcrafted canvas loafers finished by Anatolian artisans for everyday wear,https://picsum.photos/seed/canvas-loafers-burgundy-193-1/600/600|https://picsum.photos/seed/canvas-loafers-burgundy-193-2/600/600|https://picsum.photos/seed/canvas-loafers-burgundy-193-3/600/600|https://picsum.photos/seed/canvas-loafers-burgundy-193-4/600/600
Silk Wallet Navy,GRS-0194,119,,58,Bags & leather goods,Anatolia Co.,Silk wallet in navy,Handcrafted silk wallet finished by Anatolian artisans for everyday wear,https://picsum.photos/seed/silk-wallet-navy-194-1/600/600|https://picsum.photos/seed/silk-wallet-navy-194-2/600/600|https://picsum.photos/seed/silk-wallet-navy-194-3/600/600
Suede Shirt Burgundy,GRS-0195,132,157,75,Apparel & clothing,House label,Suede shirt in burgundy,Handcrafted suede shirt finished by Anatolian artisans for everyday wear,https://picsum.photos/seed/suede-shirt-burgundy-195-1/600/600|https://picsum.photos/seed/suede-shirt-burgundy-195-2/600/600|https://picsum.photos/seed/suede-shirt-burgundy-195-3/600/600|https://picsum.photos/seed/suede-shirt-burgundy-195-4/600/600
Velvet Blanket Navy,GRS-0196,145,,92,Textiles & home,Aysel Tekstil,Velvet blanket in navy,Handcrafted velvet blanket finished by Anatolian artisans for everyday wear,https://picsum.photos/seed/velvet-blanket-navy-196-1/600/600|https://picsum.photos/seed/velvet-blanket-navy-196-2/600/600|https://picsum.photos/seed/velvet-blanket-navy-196-3/600/600
Linen Hat Burgundy,GRS-0197,158,,109,Accessories,Bursa Atelier,Linen hat in burgundy,Handcrafted linen hat finished by Anatolian artisans for everyday wear,https://picsum.photos/seed/linen-hat-burgundy-197-1/600/600|https://picsum.photos/seed/linen-hat-burgundy-197-2/600/600|https://picsum.photos/seed/linen-hat-burgundy-197-3/600/600|https://picsum.photos/seed/linen-hat-burgundy-197-4/600/600
Leather Sandals Navy,GRS-0198,171,211,6,Footwear,Anatolia Co.,Leather sandals in navy,Handcrafted leather sandals finished by Anatolian artisans for everyday wear,https://picsum.photos/seed/leather-sandals-navy-198-1/600/600|https://picsum.photos/seed/leather-sandals-navy-198-2/600/600|https://picsum.photos/seed/leather-sandals-navy-198-3/600/600
Cashmere Backpack Burgundy,GRS-0199,184,,23,Bags & leather goods,House label,Cashmere backpack in burgundy,Handcrafted cashmere backpack finished by Anatolian artisans for everyday wear,https://picsum.photos/seed/cashmere-backpack-burgundy-199-1/600/600|https://picsum.photos/seed/cashmere-backpack-burgundy-199-2/600/600|https://picsum.photos/seed/cashmere-backpack-burgundy-199-3/600/600|https://picsum.photos/seed/cashmere-backpack-burgundy-199-4/600/600
Cotton Kaftan Navy,GRS-0200,197,,40,Apparel & clothing,Aysel Tekstil,Cotton kaftan in navy,Handcrafted cotton kaftan finished by Anatolian artisans for everyday wear,https://picsum.photos/seed/cotton-kaftan-navy-200-1/600/600|https://picsum.photos/seed/cotton-kaftan-navy-200-2/600/600|https://picsum.photos/seed/cotton-kaftan-navy-200-3/600/600
Wool Throw Burgundy,GRS-0201,24,39,57,Textiles & home,Bursa Atelier,Wool throw in burgundy,Handcrafted wool throw finished by Anatolian artisans for everyday wear,https://picsum.photos/seed/wool-throw-burgundy-201-1/600/600|https://picsum.photos/seed/wool-throw-burgundy-201-2/600/600|https://picsum.photos/seed/wool-throw-burgundy-201-3/600/600|https://picsum.photos/seed/wool-throw-burgundy-201-4/600/600
Denim Bracelet Navy,GRS-0202,37,,74,Accessories,Anatolia Co.,Denim bracelet in navy,Handcrafted denim bracelet finished by Anatolian artisans for everyday wear,https://picsum.photos/seed/denim-bracelet-navy-202-1/600/600|https://picsum.photos/seed/denim-bracelet-navy-202-2/600/600|https://picsum.photos/seed/denim-bracelet-navy-202-3/600/600
Canvas Heels Burgundy,GRS-0203,50,,91,Footwear,House label,Canvas heels in burgundy,Handcrafted canvas heels finished by Anatolian artisans for everyday wear,https://picsum.photos/seed/canvas-heels-burgundy-203-1/600/600|https://picsum.photos/seed/canvas-heels-burgundy-203-2/600/600|https://picsum.photos/seed/canvas-heels-burgundy-203-3/600/600|https://picsum.photos/seed/canvas-heels-burgundy-203-4/600/600
Silk Tote Navy,GRS-0204,63,93,108,Bags & leather goods,Aysel Tekstil,Silk tote in navy,Handcrafted silk tote finished by Anatolian artisans for everyday wear,https://picsum.photos/seed/silk-tote-navy-204-1/600/600|https://picsum.photos/seed/silk-tote-navy-204-2/600/600|https://picsum.photos/seed/silk-tote-navy-204-3/600/600
Suede Shirt Burgundy,GRS-0205,76,,5,Apparel & clothing,Bursa Atelier,Suede shirt in burgundy,Handcrafted suede shirt finished by Anatolian artisans for everyday wear,https://picsum.photos/seed/suede-shirt-burgundy-205-1/600/600|https://picsum.photos/seed/suede-shirt-burgundy-205-2/600/600|https://picsum.photos/seed/suede-shirt-burgundy-205-3/600/600|https://picsum.photos/seed/suede-shirt-burgundy-205-4/600/600
Velvet Towel Navy,GRS-0206,89,,22,Textiles & home,Anatolia Co.,Velvet towel in navy,Handcrafted velvet towel finished by Anatolian artisans for everyday wear,https://picsum.photos/seed/velvet-towel-navy-206-1/600/600|https://picsum.photos/seed/velvet-towel-navy-206-2/600/600|https://picsum.photos/seed/velvet-towel-navy-206-3/600/600
Linen Sunglasses Burgundy,GRS-0207,102,147,39,Accessories,House label,Linen sunglasses in burgundy,Handcrafted linen sunglasses finished by Anatolian artisans for everyday wear,https://picsum.photos/seed/linen-sunglasses-burgundy-207-1/600/600|https://picsum.photos/seed/linen-sunglasses-burgundy-207-2/600/600|https://picsum.photos/seed/linen-sunglasses-burgundy-207-3/600/600|https://picsum.photos/seed/linen-sunglasses-burgundy-207-4/600/600
Leather Slippers Navy,GRS-0208,115,,56,Footwear,Aysel Tekstil,Leather slippers in navy,Handcrafted leather slippers finished by Anatolian artisans for everyday wear,https://picsum.photos/seed/leather-slippers-navy-208-1/600/600|https://picsum.photos/seed/leather-slippers-navy-208-2/600/600|https://picsum.photos/seed/leather-slippers-navy-208-3/600/600
Cashmere Duffel Burgundy,GRS-0209,128,,73,Bags & leather goods,Bursa Atelier,Cashmere duffel in burgundy,Handcrafted cashmere duffel finished by Anatolian artisans for everyday wear,https://picsum.photos/seed/cashmere-duffel-burgundy-209-1/600/600|https://picsum.photos/seed/cashmere-duffel-burgundy-209-2/600/600|https://picsum.photos/seed/cashmere-duffel-burgundy-209-3/600/600|https://picsum.photos/seed/cashmere-duffel-burgundy-209-4/600/600
Cotton Kaftan Navy,GRS-0210,141,161,90,Apparel & clothing,Anatolia Co.,Cotton kaftan in navy,Handcrafted cotton kaftan finished by Anatolian artisans for everyday wear,https://picsum.photos/seed/cotton-kaftan-navy-210-1/600/600|https://picsum.photos/seed/cotton-kaftan-navy-210-2/600/600|https://picsum.photos/seed/cotton-kaftan-navy-210-3/600/600
Wool Table Runner Burgundy,GRS-0211,154,,107,Textiles & home,House label,Wool table runner in burgundy,Handcrafted wool table runner finished by Anatolian artisans for everyday wear,https://picsum.photos/seed/wool-table-runner-burgundy-211-1/600/600|https://picsum.photos/seed/wool-table-runner-burgundy-211-2/600/600|https://picsum.photos/seed/wool-table-runner-burgundy-211-3/600/600|https://picsum.photos/seed/wool-table-runner-burgundy-211-4/600/600
Denim Belt Navy,GRS-0212,167,,4,Accessories,Aysel Tekstil,Denim belt in navy,Handcrafted denim belt finished by Anatolian artisans for everyday wear,https://picsum.photos/seed/denim-belt-navy-212-1/600/600|https://picsum.photos/seed/denim-belt-navy-212-2/600/600|https://picsum.photos/seed/denim-belt-navy-212-3/600/600
Canvas Sneakers Burgundy,GRS-0213,180,215,21,Footwear,Bursa Atelier,Canvas sneakers in burgundy,Handcrafted canvas sneakers finished by Anatolian artisans for everyday wear,https://picsum.photos/seed/canvas-sneakers-burgundy-213-1/600/600|https://picsum.photos/seed/canvas-sneakers-burgundy-213-2/600/600|https://picsum.photos/seed/canvas-sneakers-burgundy-213-3/600/600|https://picsum.photos/seed/canvas-sneakers-burgundy-213-4/600/600
Silk Crossbody Bag Navy,GRS-0214,193,,38,Bags & leather goods,Anatolia Co.,Silk crossbody bag in navy,Handcrafted silk crossbody bag finished by Anatolian artisans for everyday wear,https://picsum.photos/seed/silk-crossbody-bag-navy-214-1/600/600|https://picsum.photos/seed/silk-crossbody-bag-navy-214-2/600/600|https://picsum.photos/seed/silk-crossbody-bag-navy-214-3/600/600
Suede Shirt Burgundy,GRS-0215,20,,55,Apparel & clothing,House label,Suede shirt in burgundy,Handcrafted suede shirt finished by Anatolian artisans for everyday wear,https://picsum.photos/seed/suede-shirt-burgundy-215-1/600/600|https://picsum.photos/seed/suede-shirt-burgundy-215-2/600/600|https://picsum.photos/seed/suede-shirt-burgundy-215-3/600/600|https://picsum.photos/seed/suede-shirt-burgundy-215-4/600/600
Velvet Wrap Navy,GRS-0216,33,43,72,Textiles & home,Aysel Tekstil,Velvet wrap in navy,Handcrafted velvet wrap finished by Anatolian artisans for everyday wear,https://picsum.photos/seed/velvet-wrap-navy-216-1/600/600|https://picsum.photos/seed/velvet-wrap-navy-216-2/600/600|https://picsum.photos/seed/velvet-wrap-navy-216-3/600/600
Linen Necklace Burgundy,GRS-0217,46,,89,Accessories,Bursa Atelier,Linen necklace in burgundy,Handcrafted linen necklace finished by Anatolian artisans for everyday wear,https://picsum.photos/seed/linen-necklace-burgundy-217-1/600/600|https://picsum.photos/seed/linen-necklace-burgundy-217-2/600/600|https://picsum.photos/seed/linen-necklace-burgundy-217-3/600/600|https://picsum.photos/seed/linen-necklace-burgundy-217-4/600/600
Leather Boots Navy,GRS-0218,59,,106,Footwear,Anatolia Co.,Leather boots in navy,Handcrafted leather boots finished by Anatolian artisans for everyday wear,https://picsum.photos/seed/leather-boots-navy-218-1/600/600|https://picsum.photos/seed/leather-boots-navy-218-2/600/600|https://picsum.photos/seed/leather-boots-navy-218-3/600/600
Cashmere Clutch Burgundy,GRS-0219,72,97,3,Bags & leather goods,House label,Cashmere clutch in burgundy,Handcrafted cashmere clutch finished by Anatolian artisans for everyday wear,https://picsum.photos/seed/cashmere-clutch-burgundy-219-1/600/600|https://picsum.photos/seed/cashmere-clutch-burgundy-219-2/600/600|https://picsum.photos/seed/cashmere-clutch-burgundy-219-3/600/600|https://picsum.photos/seed/cashmere-clutch-burgundy-219-4/600/600
Cotton Kaftan Navy,GRS-0220,85,,20,Apparel & clothing,Aysel Tekstil,Cotton kaftan in navy,Handcrafted cotton kaftan finished by Anatolian artisans for everyday wear,https://picsum.photos/seed/cotton-kaftan-navy-220-1/600/600|https://picsum.photos/seed/cotton-kaftan-navy-220-2/600/600|https://picsum.photos/seed/cotton-kaftan-navy-220-3/600/600
Wool Bedsheet Burgundy,GRS-0221,98,,37,Textiles & home,Bursa Atelier,Wool bedsheet in burgundy,Handcrafted wool bedsheet finished by Anatolian artisans for everyday wear,https://picsum.photos/seed/wool-bedsheet-burgundy-221-1/600/600|https://picsum.photos/seed/wool-bedsheet-burgundy-221-2/600/600|https://picsum.photos/seed/wool-bedsheet-burgundy-221-3/600/600|https://picsum.photos/seed/wool-bedsheet-burgundy-221-4/600/600
Denim Gloves Navy,GRS-0222,111,151,54,Accessories,Anatolia Co.,Denim gloves in navy,Handcrafted denim gloves finished by Anatolian artisans for everyday wear,https://picsum.photos/seed/denim-gloves-navy-222-1/600/600|https://picsum.photos/seed/denim-gloves-navy-222-2/600/600|https://picsum.photos/seed/denim-gloves-navy-222-3/600/600
Canvas Loafers Burgundy,GRS-0223,124,,71,Footwear,House label,Canvas loafers in burgundy,Handcrafted canvas loafers finished by Anatolian artisans for everyday wear,https://picsum.photos/seed/canvas-loafers-burgundy-223-1/600/600|https://picsum.photos/seed/canvas-loafers-burgundy-223-2/600/600|https://picsum.photos/seed/canvas-loafers-burgundy-223-3/600/600|https://picsum.photos/seed/canvas-loafers-burgundy-223-4/600/600
Silk Wallet Navy,GRS-0224,137,,88,Bags & leather goods,Aysel Tekstil,Silk wallet in navy,Handcrafted silk wallet finished by Anatolian artisans for everyday wear,https://picsum.photos/seed/silk-wallet-navy-224-1/600/600|https://picsum.photos/seed/silk-wallet-navy-224-2/600/600|https://picsum.photos/seed/silk-wallet-navy-224-3/600/600
Suede Shirt Burgundy,GRS-0225,150,165,105,Apparel & clothing,Bursa Atelier,Suede shirt in burgundy,Handcrafted suede shirt finished by Anatolian artisans for everyday wear,https://picsum.photos/seed/suede-shirt-burgundy-225-1/600/600|https://picsum.photos/seed/suede-shirt-burgundy-225-2/600/600|https://picsum.photos/seed/suede-shirt-burgundy-225-3/600/600|https://picsum.photos/seed/suede-shirt-burgundy-225-4/600/600
Velvet Cushion Cover Navy,GRS-0226,163,,2,Textiles & home,Anatolia Co.,Velvet cushion cover in navy,Handcrafted velvet cushion cover finished by Anatolian artisans for everyday wear,https://picsum.photos/seed/velvet-cushion-cover-navy-226-1/600/600|https://picsum.photos/seed/velvet-cushion-cover-navy-226-2/600/600|https://picsum.photos/seed/velvet-cushion-cover-navy-226-3/600/600
Linen Earrings Burgundy,GRS-0227,176,,19,Accessories,House label,Linen earrings in burgundy,Handcrafted linen earrings finished by Anatolian artisans for everyday wear,https://picsum.photos/seed/linen-earrings-burgundy-227-1/600/600|https://picsum.photos/seed/linen-earrings-burgundy-227-2/600/600|https://picsum.photos/seed/linen-earrings-burgundy-227-3/600/600|https://picsum.photos/seed/linen-earrings-burgundy-227-4/600/600
Leather Sandals Navy,GRS-0228,189,219,36,Footwear,Aysel Tekstil,Leather sandals in navy,Handcrafted leather sandals finished by Anatolian artisans for everyday wear,https://picsum.photos/seed/leather-sandals-navy-228-1/600/600|https://picsum.photos/seed/leather-sandals-navy-228-2/600/600|https://picsum.photos/seed/leather-sandals-navy-228-3/600/600
Cashmere Backpack Burgundy,GRS-0229,16,,53,Bags & leather goods,Bursa Atelier,Cashmere backpack in burgundy,Handcrafted cashmere backpack finished by Anatolian artisans for everyday wear,https://picsum.photos/seed/cashmere-backpack-burgundy-229-1/600/600|https://picsum.photos/seed/cashmere-backpack-burgundy-229-2/600/600|https://picsum.photos/seed/cashmere-backpack-burgundy-229-3/600/600|https://picsum.photos/seed/cashmere-backpack-burgundy-229-4/600/600
Cotton Kaftan Navy,GRS-0230,29,,70,Apparel & clothing,Anatolia Co.,Cotton kaftan in navy,Handcrafted cotton kaftan finished by Anatolian artisans for everyday wear,https://picsum.photos/seed/cotton-kaftan-navy-230-1/600/600|https://picsum.photos/seed/cotton-kaftan-navy-230-2/600/600|https://picsum.photos/seed/cotton-kaftan-navy-230-3/600/600
Wool Curtain Burgundy,GRS-0231,42,87,87,Textiles & home,House label,Wool curtain in burgundy,Handcrafted wool curtain finished by Anatolian artisans for everyday wear,https://picsum.photos/seed/wool-curtain-burgundy-231-1/600/600|https://picsum.photos/seed/wool-curtain-burgundy-231-2/600/600|https://picsum.photos/seed/wool-curtain-burgundy-231-3/600/600|https://picsum.photos/seed/wool-curtain-burgundy-231-4/600/600
Denim Scarf Navy,GRS-0232,55,,104,Accessories,Aysel Tekstil,Denim scarf in navy,Handcrafted denim scarf finished by Anatolian artisans for everyday wear,https://picsum.photos/seed/denim-scarf-navy-232-1/600/600|https://picsum.photos/seed/denim-scarf-navy-232-2/600/600|https://picsum.photos/seed/denim-scarf-navy-232-3/600/600
Canvas Heels Burgundy,GRS-0233,68,,1,Footwear,Bursa Atelier,Canvas heels in burgundy,Handcrafted canvas heels finished by Anatolian artisans for everyday wear,https://picsum.photos/seed/canvas-heels-burgundy-233-1/600/600|https://picsum.photos/seed/canvas-heels-burgundy-233-2/600/600|https://picsum.photos/seed/canvas-heels-burgundy-233-3/600/600|https://picsum.photos/seed/canvas-heels-burgundy-233-4/600/600
Silk Tote Navy,GRS-0234,81,101,18,Bags & leather goods,Anatolia Co.,Silk tote in navy,Handcrafted silk tote finished by Anatolian artisans for everyday wear,https://picsum.photos/seed/silk-tote-navy-234-1/600/600|https://picsum.photos/seed/silk-tote-navy-234-2/600/600|https://picsum.photos/seed/silk-tote-navy-234-3/600/600
Suede Shirt Burgundy,GRS-0235,94,,35,Apparel & clothing,House label,Suede shirt in burgundy,Handcrafted suede shirt finished by Anatolian artisans for everyday wear,https://picsum.photos/seed/suede-shirt-burgundy-235-1/600/600|https://picsum.photos/seed/suede-shirt-burgundy-235-2/600/600|https://picsum.photos/seed/suede-shirt-burgundy-235-3/600/600|https://picsum.photos/seed/suede-shirt-burgundy-235-4/600/600
Velvet Blanket Navy,GRS-0236,107,,52,Textiles & home,Aysel Tekstil,Velvet blanket in navy,Handcrafted velvet blanket finished by Anatolian artisans for everyday wear,https://picsum.photos/seed/velvet-blanket-navy-236-1/600/600|https://picsum.photos/seed/velvet-blanket-navy-236-2/600/600|https://picsum.photos/seed/velvet-blanket-navy-236-3/600/600
Linen Hat Burgundy,GRS-0237,120,155,69,Accessories,Bursa Atelier,Linen hat in burgundy,Handcrafted linen hat finished by Anatolian artisans for everyday wear,https://picsum.photos/seed/linen-hat-burgundy-237-1/600/600|https://picsum.photos/seed/linen-hat-burgundy-237-2/600/600|https://picsum.photos/seed/linen-hat-burgundy-237-3/600/600|https://picsum.photos/seed/linen-hat-burgundy-237-4/600/600
Leather Slippers Navy,GRS-0238,133,,86,Footwear,Anatolia Co.,Leather slippers in navy,Handcrafted leather slippers finished by Anatolian artisans for everyday wear,https://picsum.photos/seed/leather-slippers-navy-238-1/600/600|https://picsum.photos/seed/leather-slippers-navy-238-2/600/600|https://picsum.photos/seed/leather-slippers-navy-238-3/600/600
Cashmere Duffel Burgundy,GRS-0239,146,,103,Bags & leather goods,House label,Cashmere duffel in burgundy,Handcrafted cashmere duffel finished by Anatolian artisans for everyday wear,https://picsum.photos/seed/cashmere-duffel-burgundy-239-1/600/600|https://picsum.photos/seed/cashmere-duffel-burgundy-239-2/600/600|https://picsum.photos/seed/cashmere-duffel-burgundy-239-3/600/600|https://picsum.photos/seed/cashmere-duffel-burgundy-239-4/600/600
Cotton Kaftan Navy,GRS-0240,159,169,0,Apparel & clothing,Aysel Tekstil,Cotton kaftan in navy,Handcrafted cotton kaftan finished by Anatolian artisans for everyday wear,https://picsum.photos/seed/cotton-kaftan-navy-240-1/600/600|https://picsum.photos/seed/cotton-kaftan-navy-240-2/600/600|https://picsum.photos/seed/cotton-kaftan-navy-240-3/600/600
Wool Throw Burgundy,GRS-0241,172,,17,Textiles & home,Bursa Atelier,Wool throw in burgundy,Handcrafted wool throw finished by Anatolian artisans for everyday wear,https://picsum.photos/seed/wool-throw-burgundy-241-1/600/600|https://picsum.photos/seed/wool-throw-burgundy-241-2/600/600|https://picsum.photos/seed/wool-throw-burgundy-241-3/600/600|https://picsum.photos/seed/wool-throw-burgundy-241-4/600/600
Denim Bracelet Navy,GRS-0242,185,,34,Accessories,Anatolia Co.,Denim bracelet in navy,Handcrafted denim bracelet finished by Anatolian artisans for everyday wear,https://picsum.photos/seed/denim-bracelet-navy-242-1/600/600|https://picsum.photos/seed/denim-bracelet-navy-242-2/600/600|https://picsum.photos/seed/denim-bracelet-navy-242-3/600/600
Canvas Sneakers Burgundy,GRS-0243,198,223,51,Footwear,House label,Canvas sneakers in burgundy,Handcrafted canvas sneakers finished by Anatolian artisans for everyday wear,https://picsum.photos/seed/canvas-sneakers-burgundy-243-1/600/600|https://picsum.photos/seed/canvas-sneakers-burgundy-243-2/600/600|https://picsum.photos/seed/canvas-sneakers-burgundy-243-3/600/600|https://picsum.photos/seed/canvas-sneakers-burgundy-243-4/600/600
Silk Crossbody Bag Navy,GRS-0244,25,,68,Bags & leather goods,Aysel Tekstil,Silk crossbody bag in navy,Handcrafted silk crossbody bag finished by Anatolian artisans for everyday wear,https://picsum.photos/seed/silk-crossbody-bag-navy-244-1/600/600|https://picsum.photos/seed/silk-crossbody-bag-navy-244-2/600/600|https://picsum.photos/seed/silk-crossbody-bag-navy-244-3/600/600
Suede Shirt Burgundy,GRS-0245,38,,85,Apparel & clothing,Bursa Atelier,Suede shirt in burgundy,Handcrafted suede shirt finished by Anatolian artisans for everyday wear,https://picsum.photos/seed/suede-shirt-burgundy-245-1/600/600|https://picsum.photos/seed/suede-shirt-burgundy-245-2/600/600|https://picsum.photos/seed/suede-shirt-burgundy-245-3/600/600|https://picsum.photos/seed/suede-shirt-burgundy-245-4/600/600
Velvet Towel Navy,GRS-0246,51,91,102,Textiles & home,Anatolia Co.,Velvet towel in navy,Handcrafted velvet towel finished by Anatolian artisans for everyday wear,https://picsum.photos/seed/velvet-towel-navy-246-1/600/600|https://picsum.photos/seed/velvet-towel-navy-246-2/600/600|https://picsum.photos/seed/velvet-towel-navy-246-3/600/600
Linen Sunglasses Burgundy,GRS-0247,64,,119,Accessories,House label,Linen sunglasses in burgundy,Handcrafted linen sunglasses finished by Anatolian artisans for everyday wear,https://picsum.photos/seed/linen-sunglasses-burgundy-247-1/600/600|https://picsum.photos/seed/linen-sunglasses-burgundy-247-2/600/600|https://picsum.photos/seed/linen-sunglasses-burgundy-247-3/600/600|https://picsum.photos/seed/linen-sunglasses-burgundy-247-4/600/600
Leather Boots Navy,GRS-0248,77,,16,Footwear,Aysel Tekstil,Leather boots in navy,Handcrafted leather boots finished by Anatolian artisans for everyday wear,https://picsum.photos/seed/leather-boots-navy-248-1/600/600|https://picsum.photos/seed/leather-boots-navy-248-2/600/600|https://picsum.photos/seed/leather-boots-navy-248-3/600/600
Cashmere Clutch Burgundy,GRS-0249,90,105,33,Bags & leather goods,Bursa Atelier,Cashmere clutch in burgundy,Handcrafted cashmere clutch finished by Anatolian artisans for everyday wear,https://picsum.photos/seed/cashmere-clutch-burgundy-249-1/600/600|https://picsum.photos/seed/cashmere-clutch-burgundy-249-2/600/600|https://picsum.photos/seed/cashmere-clutch-burgundy-249-3/600/600|https://picsum.photos/seed/cashmere-clutch-burgundy-249-4/600/600
Cotton Kaftan Navy,GRS-0250,103,,50,Apparel & clothing,Anatolia Co.,Cotton kaftan in navy,Handcrafted cotton kaftan finished by Anatolian artisans for everyday wear,https://picsum.photos/seed/cotton-kaftan-navy-250-1/600/600|https://picsum.photos/seed/cotton-kaftan-navy-250-2/600/600|https://picsum.photos/seed/cotton-kaftan-navy-250-3/600/600
Wool Table Runner Burgundy,GRS-0251,116,,67,Textiles & home,House label,Wool table runner in burgundy,Handcrafted wool table runner finished by Anatolian artisans for everyday wear,https://picsum.photos/seed/wool-table-runner-burgundy-251-1/600/600|https://picsum.photos/seed/wool-table-runner-burgundy-251-2/600/600|https://picsum.photos/seed/wool-table-runner-burgundy-251-3/600/600|https://picsum.photos/seed/wool-table-runner-burgundy-251-4/600/600
Denim Belt Navy,GRS-0252,129,159,84,Accessories,Aysel Tekstil,Denim belt in navy,Handcrafted denim belt finished by Anatolian artisans for everyday wear,https://picsum.photos/seed/denim-belt-navy-252-1/600/600|https://picsum.photos/seed/denim-belt-navy-252-2/600/600|https://picsum.photos/seed/denim-belt-navy-252-3/600/600
Canvas Loafers Burgundy,GRS-0253,142,,101,Footwear,Bursa Atelier,Canvas loafers in burgundy,Handcrafted canvas loafers finished by Anatolian artisans for everyday wear,https://picsum.photos/seed/canvas-loafers-burgundy-253-1/600/600|https://picsum.photos/seed/canvas-loafers-burgundy-253-2/600/600|https://picsum.photos/seed/canvas-loafers-burgundy-253-3/600/600|https://picsum.photos/seed/canvas-loafers-burgundy-253-4/600/600
Silk Wallet Navy,GRS-0254,155,,118,Bags & leather goods,Anatolia Co.,Silk wallet in navy,Handcrafted silk wallet finished by Anatolian artisans for everyday wear,https://picsum.photos/seed/silk-wallet-navy-254-1/600/600|https://picsum.photos/seed/silk-wallet-navy-254-2/600/600|https://picsum.photos/seed/silk-wallet-navy-254-3/600/600
Suede Shirt Burgundy,GRS-0255,168,213,15,Apparel & clothing,House label,Suede shirt in burgundy,Handcrafted suede shirt finished by Anatolian artisans for everyday wear,https://picsum.photos/seed/suede-shirt-burgundy-255-1/600/600|https://picsum.photos/seed/suede-shirt-burgundy-255-2/600/600|https://picsum.photos/seed/suede-shirt-burgundy-255-3/600/600|https://picsum.photos/seed/suede-shirt-burgundy-255-4/600/600
Velvet Wrap Navy,GRS-0256,181,,32,Textiles & home,Aysel Tekstil,Velvet wrap in navy,Handcrafted velvet wrap finished by Anatolian artisans for everyday wear,https://picsum.photos/seed/velvet-wrap-navy-256-1/600/600|https://picsum.photos/seed/velvet-wrap-navy-256-2/600/600|https://picsum.photos/seed/velvet-wrap-navy-256-3/600/600
Linen Necklace Burgundy,GRS-0257,194,,49,Accessories,Bursa Atelier,Linen necklace in burgundy,Handcrafted linen necklace finished by Anatolian artisans for everyday wear,https://picsum.photos/seed/linen-necklace-burgundy-257-1/600/600|https://picsum.photos/seed/linen-necklace-burgundy-257-2/600/600|https://picsum.photos/seed/linen-necklace-burgundy-257-3/600/600|https://picsum.photos/seed/linen-necklace-burgundy-257-4/600/600
Leather Sandals Navy,GRS-0258,21,41,66,Footwear,Anatolia Co.,Leather sandals in navy,Handcrafted leather sandals finished by Anatolian artisans for everyday wear,https://picsum.photos/seed/leather-sandals-navy-258-1/600/600|https://picsum.photos/seed/leather-sandals-navy-258-2/600/600|https://picsum.photos/seed/leather-sandals-navy-258-3/600/600
Cashmere Backpack Burgundy,GRS-0259,34,,83,Bags & leather goods,House label,Cashmere backpack in burgundy,Handcrafted cashmere backpack finished by Anatolian artisans for everyday wear,https://picsum.photos/seed/cashmere-backpack-burgundy-259-1/600/600|https://picsum.photos/seed/cashmere-backpack-burgundy-259-2/600/600|https://picsum.photos/seed/cashmere-backpack-burgundy-259-3/600/600|https://picsum.photos/seed/cashmere-backpack-burgundy-259-4/600/600
Cotton Kaftan Navy,GRS-0260,47,,100,Apparel & clothing,Aysel Tekstil,Cotton kaftan in navy,Handcrafted cotton kaftan finished by Anatolian artisans for everyday wear,https://picsum.photos/seed/cotton-kaftan-navy-260-1/600/600|https://picsum.photos/seed/cotton-kaftan-navy-260-2/600/600|https://picsum.photos/seed/cotton-kaftan-navy-260-3/600/600
Wool Bedsheet Burgundy,GRS-0261,60,95,117,Textiles & home,Bursa Atelier,Wool bedsheet in burgundy,Handcrafted wool bedsheet finished by Anatolian artisans for everyday wear,https://picsum.photos/seed/wool-bedsheet-burgundy-261-1/600/600|https://picsum.photos/seed/wool-bedsheet-burgundy-261-2/600/600|https://picsum.photos/seed/wool-bedsheet-burgundy-261-3/600/600|https://picsum.photos/seed/wool-bedsheet-burgundy-261-4/600/600
Denim Gloves Navy,GRS-0262,73,,14,Accessories,Anatolia Co.,Denim gloves in navy,Handcrafted denim gloves finished by Anatolian artisans for everyday wear,https://picsum.photos/seed/denim-gloves-navy-262-1/600/600|https://picsum.photos/seed/denim-gloves-navy-262-2/600/600|https://picsum.photos/seed/denim-gloves-navy-262-3/600/600
Canvas Heels Burgundy,GRS-0263,86,,31,Footwear,House label,Canvas heels in burgundy,Handcrafted canvas heels finished by Anatolian artisans for everyday wear,https://picsum.photos/seed/canvas-heels-burgundy-263-1/600/600|https://picsum.photos/seed/canvas-heels-burgundy-263-2/600/600|https://picsum.photos/seed/canvas-heels-burgundy-263-3/600/600|https://picsum.photos/seed/canvas-heels-burgundy-263-4/600/600
Silk Tote Navy,GRS-0264,99,109,48,Bags & leather goods,Aysel Tekstil,Silk tote in navy,Handcrafted silk tote finished by Anatolian artisans for everyday wear,https://picsum.photos/seed/silk-tote-navy-264-1/600/600|https://picsum.photos/seed/silk-tote-navy-264-2/600/600|https://picsum.photos/seed/silk-tote-navy-264-3/600/600
Suede Shirt Burgundy,GRS-0265,112,,65,Apparel & clothing,Bursa Atelier,Suede shirt in burgundy,Handcrafted suede shirt finished by Anatolian artisans for everyday wear,https://picsum.photos/seed/suede-shirt-burgundy-265-1/600/600|https://picsum.photos/seed/suede-shirt-burgundy-265-2/600/600|https://picsum.photos/seed/suede-shirt-burgundy-265-3/600/600|https://picsum.photos/seed/suede-shirt-burgundy-265-4/600/600
Velvet Cushion Cover Navy,GRS-0266,125,,82,Textiles & home,Anatolia Co.,Velvet cushion cover in navy,Handcrafted velvet cushion cover finished by Anatolian artisans for everyday wear,https://picsum.photos/seed/velvet-cushion-cover-navy-266-1/600/600|https://picsum.photos/seed/velvet-cushion-cover-navy-266-2/600/600|https://picsum.photos/seed/velvet-cushion-cover-navy-266-3/600/600
Linen Earrings Burgundy,GRS-0267,138,163,99,Accessories,House label,Linen earrings in burgundy,Handcrafted linen earrings finished by Anatolian artisans for everyday wear,https://picsum.photos/seed/linen-earrings-burgundy-267-1/600/600|https://picsum.photos/seed/linen-earrings-burgundy-267-2/600/600|https://picsum.photos/seed/linen-earrings-burgundy-267-3/600/600|https://picsum.photos/seed/linen-earrings-burgundy-267-4/600/600
Leather Slippers Navy,GRS-0268,151,,116,Footwear,Aysel Tekstil,Leather slippers in navy,Handcrafted leather slippers finished by Anatolian artisans for everyday wear,https://picsum.photos/seed/leather-slippers-navy-268-1/600/600|https://picsum.photos/seed/leather-slippers-navy-268-2/600/600|https://picsum.photos/seed/leather-slippers-navy-268-3/600/600
Cashmere Duffel Burgundy,GRS-0269,164,,13,Bags & leather goods,Bursa Atelier,Cashmere duffel in burgundy,Handcrafted cashmere duffel finished by Anatolian artisans for everyday wear,https://picsum.photos/seed/cashmere-duffel-burgundy-269-1/600/600|https://picsum.photos/seed/cashmere-duffel-burgundy-269-2/600/600|https://picsum.photos/seed/cashmere-duffel-burgundy-269-3/600/600|https://picsum.photos/seed/cashmere-duffel-burgundy-269-4/600/600
Cotton Kaftan Navy,GRS-0270,177,217,30,Apparel & clothing,Anatolia Co.,Cotton kaftan in navy,Handcrafted cotton kaftan finished by Anatolian artisans for everyday wear,https://picsum.photos/seed/cotton-kaftan-navy-270-1/600/600|https://picsum.photos/seed/cotton-kaftan-navy-270-2/600/600|https://picsum.photos/seed/cotton-kaftan-navy-270-3/600/600
Wool Curtain Burgundy,GRS-0271,190,,47,Textiles & home,House label,Wool curtain in burgundy,Handcrafted wool curtain finished by Anatolian artisans for everyday wear,https://picsum.photos/seed/wool-curtain-burgundy-271-1/600/600|https://picsum.photos/seed/wool-curtain-burgundy-271-2/600/600|https://picsum.photos/seed/wool-curtain-burgundy-271-3/600/600|https://picsum.photos/seed/wool-curtain-burgundy-271-4/600/600
Denim Scarf Navy,GRS-0272,17,,64,Accessories,Aysel Tekstil,Denim scarf in navy,Handcrafted denim scarf finished by Anatolian artisans for everyday wear,https://picsum.photos/seed/denim-scarf-navy-272-1/600/600|https://picsum.photos/seed/denim-scarf-navy-272-2/600/600|https://picsum.photos/seed/denim-scarf-navy-272-3/600/600
Canvas Sneakers Burgundy,GRS-0273,30,45,81,Footwear,Bursa Atelier,Canvas sneakers in burgundy,Handcrafted canvas sneakers finished by Anatolian artisans for everyday wear,https://picsum.photos/seed/canvas-sneakers-burgundy-273-1/600/600|https://picsum.photos/seed/canvas-sneakers-burgundy-273-2/600/600|https://picsum.photos/seed/canvas-sneakers-burgundy-273-3/600/600|https://picsum.photos/seed/canvas-sneakers-burgundy-273-4/600/600
Silk Crossbody Bag Navy,GRS-0274,43,,98,Bags & leather goods,Anatolia Co.,Silk crossbody bag in navy,Handcrafted silk crossbody bag finished by Anatolian artisans for everyday wear,https://picsum.photos/seed/silk-crossbody-bag-navy-274-1/600/600|https://picsum.photos/seed/silk-crossbody-bag-navy-274-2/600/600|https://picsum.photos/seed/silk-crossbody-bag-navy-274-3/600/600
Suede Shirt Burgundy,GRS-0275,56,,115,Apparel & clothing,House label,Suede shirt in burgundy,Handcrafted suede shirt finished by Anatolian artisans for everyday wear,https://picsum.photos/seed/suede-shirt-burgundy-275-1/600/600|https://picsum.photos/seed/suede-shirt-burgundy-275-2/600/600|https://picsum.photos/seed/suede-shirt-burgundy-275-3/600/600|https://picsum.photos/seed/suede-shirt-burgundy-275-4/600/600
Velvet Blanket Navy,GRS-0276,69,99,12,Textiles & home,Aysel Tekstil,Velvet blanket in navy,Handcrafted velvet blanket finished by Anatolian artisans for everyday wear,https://picsum.photos/seed/velvet-blanket-navy-276-1/600/600|https://picsum.photos/seed/velvet-blanket-navy-276-2/600/600|https://picsum.photos/seed/velvet-blanket-navy-276-3/600/600
Linen Hat Burgundy,GRS-0277,82,,29,Accessories,Bursa Atelier,Linen hat in burgundy,Handcrafted linen hat finished by Anatolian artisans for everyday wear,https://picsum.photos/seed/linen-hat-burgundy-277-1/600/600|https://picsum.photos/seed/linen-hat-burgundy-277-2/600/600|https://picsum.photos/seed/linen-hat-burgundy-277-3/600/600|https://picsum.photos/seed/linen-hat-burgundy-277-4/600/600
Leather Boots Navy,GRS-0278,95,,46,Footwear,Anatolia Co.,Leather boots in navy,Handcrafted leather boots finished by Anatolian artisans for everyday wear,https://picsum.photos/seed/leather-boots-navy-278-1/600/600|https://picsum.photos/seed/leather-boots-navy-278-2/600/600|https://picsum.photos/seed/leather-boots-navy-278-3/600/600
Cashmere Clutch Burgundy,GRS-0279,108,153,63,Bags & leather goods,House label,Cashmere clutch in burgundy,Handcrafted cashmere clutch finished by Anatolian artisans for everyday wear,https://picsum.photos/seed/cashmere-clutch-burgundy-279-1/600/600|https://picsum.photos/seed/cashmere-clutch-burgundy-279-2/600/600|https://picsum.photos/seed/cashmere-clutch-burgundy-279-3/600/600|https://picsum.photos/seed/cashmere-clutch-burgundy-279-4/600/600
Cotton Kaftan Navy,GRS-0280,121,,80,Apparel & clothing,Aysel Tekstil,Cotton kaftan in navy,Handcrafted cotton kaftan finished by Anatolian artisans for everyday wear,https://picsum.photos/seed/cotton-kaftan-navy-280-1/600/600|https://picsum.photos/seed/cotton-kaftan-navy-280-2/600/600|https://picsum.photos/seed/cotton-kaftan-navy-280-3/600/600
Wool Throw Burgundy,GRS-0281,134,,97,Textiles & home,Bursa Atelier,Wool throw in burgundy,Handcrafted wool throw finished by Anatolian artisans for everyday wear,https://picsum.photos/seed/wool-throw-burgundy-281-1/600/600|https://picsum.photos/seed/wool-throw-burgundy-281-2/600/600|https://picsum.photos/seed/wool-throw-burgundy-281-3/600/600|https://picsum.photos/seed/wool-throw-burgundy-281-4/600/600
Denim Bracelet Navy,GRS-0282,147,167,114,Accessories,Anatolia Co.,Denim bracelet in navy,Handcrafted denim bracelet finished by Anatolian artisans for everyday wear,https://picsum.photos/seed/denim-bracelet-navy-282-1/600/600|https://picsum.photos/seed/denim-bracelet-navy-282-2/600/600|https://picsum.photos/seed/denim-bracelet-navy-282-3/600/600
Canvas Loafers Burgundy,GRS-0283,160,,11,Footwear,House label,Canvas loafers in burgundy,Handcrafted canvas loafers finished by Anatolian artisans for everyday wear,https://picsum.photos/seed/canvas-loafers-burgundy-283-1/600/600|https://picsum.photos/seed/canvas-loafers-burgundy-283-2/600/600|https://picsum.photos/seed/canvas-loafers-burgundy-283-3/600/600|https://picsum.photos/seed/canvas-loafers-burgundy-283-4/600/600
Silk Wallet Navy,GRS-0284,173,,28,Bags & leather goods,Aysel Tekstil,Silk wallet in navy,Handcrafted silk wallet finished by Anatolian artisans for everyday wear,https://picsum.photos/seed/silk-wallet-navy-284-1/600/600|https://picsum.photos/seed/silk-wallet-navy-284-2/600/600|https://picsum.photos/seed/silk-wallet-navy-284-3/600/600
Suede Shirt Burgundy,GRS-0285,186,221,45,Apparel & clothing,Bursa Atelier,Suede shirt in burgundy,Handcrafted suede shirt finished by Anatolian artisans for everyday wear,https://picsum.photos/seed/suede-shirt-burgundy-285-1/600/600|https://picsum.photos/seed/suede-shirt-burgundy-285-2/600/600|https://picsum.photos/seed/suede-shirt-burgundy-285-3/600/600|https://picsum.photos/seed/suede-shirt-burgundy-285-4/600/600
Velvet Towel Navy,GRS-0286,199,,62,Textiles & home,Anatolia Co.,Velvet towel in navy,Handcrafted velvet towel finished by Anatolian artisans for everyday wear,https://picsum.photos/seed/velvet-towel-navy-286-1/600/600|https://picsum.photos/seed/velvet-towel-navy-286-2/600/600|https://picsum.photos/seed/velvet-towel-navy-286-3/600/600
Linen Sunglasses Burgundy,GRS-0287,26,,79,Accessories,House label,Linen sunglasses in burgundy,Handcrafted linen sunglasses finished by Anatolian artisans for everyday wear,https://picsum.photos/seed/linen-sunglasses-burgundy-287-1/600/600|https://picsum.photos/seed/linen-sunglasses-burgundy-287-2/600/600|https://picsum.photos/seed/linen-sunglasses-burgundy-287-3/600/600|https://picsum.photos/seed/linen-sunglasses-burgundy-287-4/600/600
Leather Sandals Navy,GRS-0288,39,49,96,Footwear,Aysel Tekstil,Leather sandals in navy,Handcrafted leather sandals finished by Anatolian artisans for everyday wear,https://picsum.photos/seed/leather-sandals-navy-288-1/600/600|https://picsum.photos/seed/leather-sandals-navy-288-2/600/600|https://picsum.photos/seed/leather-sandals-navy-288-3/600/600
Cashmere Backpack Burgundy,GRS-0289,52,,113,Bags & leather goods,Bursa Atelier,Cashmere backpack in burgundy,Handcrafted cashmere backpack finished by Anatolian artisans for everyday wear,https://picsum.photos/seed/cashmere-backpack-burgundy-289-1/600/600|https://picsum.photos/seed/cashmere-backpack-burgundy-289-2/600/600|https://picsum.photos/seed/cashmere-backpack-burgundy-289-3/600/600|https://picsum.photos/seed/cashmere-backpack-burgundy-289-4/600/600
Cotton Kaftan Navy,GRS-0290,65,,10,Apparel & clothing,Anatolia Co.,Cotton kaftan in navy,Handcrafted cotton kaftan finished by Anatolian artisans for everyday wear,https://picsum.photos/seed/cotton-kaftan-navy-290-1/600/600|https://picsum.photos/seed/cotton-kaftan-navy-290-2/600/600|https://picsum.photos/seed/cotton-kaftan-navy-290-3/600/600
Wool Table Runner Burgundy,GRS-0291,78,103,27,Textiles & home,House label,Wool table runner in burgundy,Handcrafted wool table runner finished by Anatolian artisans for everyday wear,https://picsum.photos/seed/wool-table-runner-burgundy-291-1/600/600|https://picsum.photos/seed/wool-table-runner-burgundy-291-2/600/600|https://picsum.photos/seed/wool-table-runner-burgundy-291-3/600/600|https://picsum.photos/seed/wool-table-runner-burgundy-291-4/600/600
Denim Belt Navy,GRS-0292,91,,44,Accessories,Aysel Tekstil,Denim belt in navy,Handcrafted denim belt finished by Anatolian artisans for everyday wear,https://picsum.photos/seed/denim-belt-navy-292-1/600/600|https://picsum.photos/seed/denim-belt-navy-292-2/600/600|https://picsum.photos/seed/denim-belt-navy-292-3/600/600
Canvas Heels Burgundy,GRS-0293,104,,61,Footwear,Bursa Atelier,Canvas heels in burgundy,Handcrafted canvas heels finished by Anatolian artisans for everyday wear,https://picsum.photos/seed/canvas-heels-burgundy-293-1/600/600|https://picsum.photos/seed/canvas-heels-burgundy-293-2/600/600|https://picsum.photos/seed/canvas-heels-burgundy-293-3/600/600|https://picsum.photos/seed/canvas-heels-burgundy-293-4/600/600
Silk Tote Navy,GRS-0294,117,157,78,Bags & leather goods,Anatolia Co.,Silk tote in navy,Handcrafted silk tote finished by Anatolian artisans for everyday wear,https://picsum.photos/seed/silk-tote-navy-294-1/600/600|https://picsum.photos/seed/silk-tote-navy-294-2/600/600|https://picsum.photos/seed/silk-tote-navy-294-3/600/600
Suede Shirt Burgundy,GRS-0295,130,,95,Apparel & clothing,House label,Suede shirt in burgundy,Handcrafted suede shirt finished by Anatolian artisans for everyday wear,https://picsum.photos/seed/suede-shirt-burgundy-295-1/600/600|https://picsum.photos/seed/suede-shirt-burgundy-295-2/600/600|https://picsum.photos/seed/suede-shirt-burgundy-295-3/600/600|https://picsum.photos/seed/suede-shirt-burgundy-295-4/600/600
Velvet Wrap Navy,GRS-0296,143,,112,Textiles & home,Aysel Tekstil,Velvet wrap in navy,Handcrafted velvet wrap finished by Anatolian artisans for everyday wear,https://picsum.photos/seed/velvet-wrap-navy-296-1/600/600|https://picsum.photos/seed/velvet-wrap-navy-296-2/600/600|https://picsum.photos/seed/velvet-wrap-navy-296-3/600/600
Linen Necklace Burgundy,GRS-0297,156,171,9,Accessories,Bursa Atelier,Linen necklace in burgundy,Handcrafted linen necklace finished by Anatolian artisans for everyday wear,https://picsum.photos/seed/linen-necklace-burgundy-297-1/600/600|https://picsum.photos/seed/linen-necklace-burgundy-297-2/600/600|https://picsum.photos/seed/linen-necklace-burgundy-297-3/600/600|https://picsum.photos/seed/linen-necklace-burgundy-297-4/600/600
Leather Slippers Navy,GRS-0298,169,,26,Footwear,Anatolia Co.,Leather slippers in navy,Handcrafted leather slippers finished by Anatolian artisans for everyday wear,https://picsum.photos/seed/leather-slippers-navy-298-1/600/600|https://picsum.photos/seed/leather-slippers-navy-298-2/600/600|https://picsum.photos/seed/leather-slippers-navy-298-3/600/600
Cashmere Duffel Burgundy,GRS-0299,182,,43,Bags & leather goods,House label,Cashmere duffel in burgundy,Handcrafted cashmere duffel finished by Anatolian artisans for everyday wear,https://picsum.photos/seed/cashmere-duffel-burgundy-299-1/600/600|https://picsum.photos/seed/cashmere-duffel-burgundy-299-2/600/600|https://picsum.photos/seed/cashmere-duffel-burgundy-299-3/600/600|https://picsum.photos/seed/cashmere-duffel-burgundy-299-4/600/600
Cotton Kaftan Navy,GRS-0300,195,225,60,Apparel & clothing,Aysel Tekstil,Cotton kaftan in navy,Handcrafted cotton kaftan finished by Anatolian artisans for everyday wear,https://picsum.photos/seed/cotton-kaftan-navy-300-1/600/600|https://picsum.photos/seed/cotton-kaftan-navy-300-2/600/600|https://picsum.photos/seed/cotton-kaftan-navy-300-3/600/600
Wool Bedsheet Burgundy,GRS-0301,22,,77,Textiles & home,Bursa Atelier,Wool bedsheet in burgundy,Handcrafted wool bedsheet finished by Anatolian artisans for everyday wear,https://picsum.photos/seed/wool-bedsheet-burgundy-301-1/600/600|https://picsum.photos/seed/wool-bedsheet-burgundy-301-2/600/600|https://picsum.photos/seed/wool-bedsheet-burgundy-301-3/600/600|https://picsum.photos/seed/wool-bedsheet-burgundy-301-4/600/600
Denim Gloves Navy,GRS-0302,35,,94,Accessories,Anatolia Co.,Denim gloves in navy,Handcrafted denim gloves finished by Anatolian artisans for everyday wear,https://picsum.photos/seed/denim-gloves-navy-302-1/600/600|https://picsum.photos/seed/denim-gloves-navy-302-2/600/600|https://picsum.photos/seed/denim-gloves-navy-302-3/600/600
Canvas Sneakers Burgundy,GRS-0303,48,93,111,Footwear,House label,Canvas sneakers in burgundy,Handcrafted canvas sneakers finished by Anatolian artisans for everyday wear,https://picsum.photos/seed/canvas-sneakers-burgundy-303-1/600/600|https://picsum.photos/seed/canvas-sneakers-burgundy-303-2/600/600|https://picsum.photos/seed/canvas-sneakers-burgundy-303-3/600/600|https://picsum.photos/seed/canvas-sneakers-burgundy-303-4/600/600
Silk Crossbody Bag Navy,GRS-0304,61,,8,Bags & leather goods,Aysel Tekstil,Silk crossbody bag in navy,Handcrafted silk crossbody bag finished by Anatolian artisans for everyday wear,https://picsum.photos/seed/silk-crossbody-bag-navy-304-1/600/600|https://picsum.photos/seed/silk-crossbody-bag-navy-304-2/600/600|https://picsum.photos/seed/silk-crossbody-bag-navy-304-3/600/600
Suede Shirt Burgundy,GRS-0305,74,,25,Apparel & clothing,Bursa Atelier,Suede shirt in burgundy,Handcrafted suede shirt finished by Anatolian artisans for everyday wear,https://picsum.photos/seed/suede-shirt-burgundy-305-1/600/600|https://picsum.photos/seed/suede-shirt-burgundy-305-2/600/600|https://picsum.photos/seed/suede-shirt-burgundy-305-3/600/600|https://picsum.photos/seed/suede-shirt-burgundy-305-4/600/600
Velvet Cushion Cover Navy,GRS-0306,87,107,42,Textiles & home,Anatolia Co.,Velvet cushion cover in navy,Handcrafted velvet cushion cover finished by Anatolian artisans for everyday wear,https://picsum.photos/seed/velvet-cushion-cover-navy-306-1/600/600|https://picsum.photos/seed/velvet-cushion-cover-navy-306-2/600/600|https://picsum.photos/seed/velvet-cushion-cover-navy-306-3/600/600
Linen Earrings Burgundy,GRS-0307,100,,59,Accessories,House label,Linen earrings in burgundy,Handcrafted linen earrings finished by Anatolian artisans for everyday wear,https://picsum.photos/seed/linen-earrings-burgundy-307-1/600/600|https://picsum.photos/seed/linen-earrings-burgundy-307-2/600/600|https://picsum.photos/seed/linen-earrings-burgundy-307-3/600/600|https://picsum.photos/seed/linen-earrings-burgundy-307-4/600/600
Leather Boots Navy,GRS-0308,113,,76,Footwear,Aysel Tekstil,Leather boots in navy,Handcrafted leather boots finished by Anatolian artisans for everyday wear,https://picsum.photos/seed/leather-boots-navy-308-1/600/600|https://picsum.photos/seed/leather-boots-navy-308-2/600/600|https://picsum.photos/seed/leather-boots-navy-308-3/600/600
Cashmere Clutch Burgundy,GRS-0309,126,161,93,Bags & leather goods,Bursa Atelier,Cashmere clutch in burgundy,Handcrafted cashmere clutch finished by Anatolian artisans for everyday wear,https://picsum.photos/seed/cashmere-clutch-burgundy-309-1/600/600|https://picsum.photos/seed/cashmere-clutch-burgundy-309-2/600/600|https://picsum.photos/seed/cashmere-clutch-burgundy-309-3/600/600|https://picsum.photos/seed/cashmere-clutch-burgundy-309-4/600/600
Cotton Kaftan Navy,GRS-0310,139,,110,Apparel & clothing,Anatolia Co.,Cotton kaftan in navy,Handcrafted cotton kaftan finished by Anatolian artisans for everyday wear,https://picsum.photos/seed/cotton-kaftan-navy-310-1/600/600|https://picsum.photos/seed/cotton-kaftan-navy-310-2/600/600|https://picsum.photos/seed/cotton-kaftan-navy-310-3/600/600
Wool Curtain Burgundy,GRS-0311,152,,7,Textiles & home,House label,Wool curtain in burgundy,Handcrafted wool curtain finished by Anatolian artisans for everyday wear,https://picsum.photos/seed/wool-curtain-burgundy-311-1/600/600|https://picsum.photos/seed/wool-curtain-burgundy-311-2/600/600|https://picsum.photos/seed/wool-curtain-burgundy-311-3/600/600|https://picsum.photos/seed/wool-curtain-burgundy-311-4/600/600
Denim Scarf Navy,GRS-0312,165,175,24,Accessories,Aysel Tekstil,Denim scarf in navy,Handcrafted denim scarf finished by Anatolian artisans for everyday wear,https://picsum.photos/seed/denim-scarf-navy-312-1/600/600|https://picsum.photos/seed/denim-scarf-navy-312-2/600/600|https://picsum.photos/seed/denim-scarf-navy-312-3/600/600
Canvas Loafers Burgundy,GRS-0313,178,,41,Footwear,Bursa Atelier,Canvas loafers in burgundy,Handcrafted canvas loafers finished by Anatolian artisans for everyday wear,https://picsum.photos/seed/canvas-loafers-burgundy-313-1/600/600|https://picsum.photos/seed/canvas-loafers-burgundy-313-2/600/600|https://picsum.photos/seed/canvas-loafers-burgundy-313-3/600/600|https://picsum.photos/seed/canvas-loafers-burgundy-313-4/600/600
Silk Wallet Navy,GRS-0314,191,,58,Bags & leather goods,Anatolia Co.,Silk wallet in navy,Handcrafted silk wallet finished by Anatolian artisans for everyday wear,https://picsum.photos/seed/silk-wallet-navy-314-1/600/600|https://picsum.photos/seed/silk-wallet-navy-314-2/600/600|https://picsum.photos/seed/silk-wallet-navy-314-3/600/600
Suede Shirt Burgundy,GRS-0315,18,43,75,Apparel & clothing,House label,Suede shirt in burgundy,Handcrafted suede shirt finished by Anatolian artisans for everyday wear,https://picsum.photos/seed/suede-shirt-burgundy-315-1/600/600|https://picsum.photos/seed/suede-shirt-burgundy-315-2/600/600|https://picsum.photos/seed/suede-shirt-burgundy-315-3/600/600|https://picsum.photos/seed/suede-shirt-burgundy-315-4/600/600
Velvet Blanket Navy,GRS-0316,31,,92,Textiles & home,Aysel Tekstil,Velvet blanket in navy,Handcrafted velvet blanket finished by Anatolian artisans for everyday wear,https://picsum.photos/seed/velvet-blanket-navy-316-1/600/600|https://picsum.photos/seed/velvet-blanket-navy-316-2/600/600|https://picsum.photos/seed/velvet-blanket-navy-316-3/600/600
Linen Hat Burgundy,GRS-0317,44,,109,Accessories,Bursa Atelier,Linen hat in burgundy,Handcrafted linen hat finished by Anatolian artisans for everyday wear,https://picsum.photos/seed/linen-hat-burgundy-317-1/600/600|https://picsum.photos/seed/linen-hat-burgundy-317-2/600/600|https://picsum.photos/seed/linen-hat-burgundy-317-3/600/600|https://picsum.photos/seed/linen-hat-burgundy-317-4/600/600
Leather Sandals Navy,GRS-0318,57,97,6,Footwear,Anatolia Co.,Leather sandals in navy,Handcrafted leather sandals finished by Anatolian artisans for everyday wear,https://picsum.photos/seed/leather-sandals-navy-318-1/600/600|https://picsum.photos/seed/leather-sandals-navy-318-2/600/600|https://picsum.photos/seed/leather-sandals-navy-318-3/600/600
Cashmere Backpack Burgundy,GRS-0319,70,,23,Bags & leather goods,House label,Cashmere backpack in burgundy,Handcrafted cashmere backpack finished by Anatolian artisans for everyday wear,https://picsum.photos/seed/cashmere-backpack-burgundy-319-1/600/600|https://picsum.photos/seed/cashmere-backpack-burgundy-319-2/600/600|https://picsum.photos/seed/cashmere-backpack-burgundy-319-3/600/600|https://picsum.photos/seed/cashmere-backpack-burgundy-319-4/600/600
Cotton Kaftan Navy,GRS-0320,83,,40,Apparel & clothing,Aysel Tekstil,Cotton kaftan in navy,Handcrafted cotton kaftan finished by Anatolian artisans for everyday wear,https://picsum.photos/seed/cotton-kaftan-navy-320-1/600/600|https://picsum.photos/seed/cotton-kaftan-navy-320-2/600/600|https://picsum.photos/seed/cotton-kaftan-navy-320-3/600/600
Wool Throw Burgundy,GRS-0321,96,111,57,Textiles & home,Bursa Atelier,Wool throw in burgundy,Handcrafted wool throw finished by Anatolian artisans for everyday wear,https://picsum.photos/seed/wool-throw-burgundy-321-1/600/600|https://picsum.photos/seed/wool-throw-burgundy-321-2/600/600|https://picsum.photos/seed/wool-throw-burgundy-321-3/600/600|https://picsum.photos/seed/wool-throw-burgundy-321-4/600/600
Denim Bracelet Navy,GRS-0322,109,,74,Accessories,Anatolia Co.,Denim bracelet in navy,Handcrafted denim bracelet finished by Anatolian artisans for everyday wear,https://picsum.photos/seed/denim-bracelet-navy-322-1/600/600|https://picsum.photos/seed/denim-bracelet-navy-322-2/600/600|https://picsum.photos/seed/denim-bracelet-navy-322-3/600/600
Canvas Heels Burgundy,GRS-0323,122,,91,Footwear,House label,Canvas heels in burgundy,Handcrafted canvas heels finished by Anatolian artisans for everyday wear,https://picsum.photos/seed/canvas-heels-burgundy-323-1/600/600|https://picsum.photos/seed/canvas-heels-burgundy-323-2/600/600|https://picsum.photos/seed/canvas-heels-burgundy-323-3/600/600|https://picsum.photos/seed/canvas-heels-burgundy-323-4/600/600
Silk Tote Navy,GRS-0324,135,165,108,Bags & leather goods,Aysel Tekstil,Silk tote in navy,Handcrafted silk tote finished by Anatolian artisans for everyday wear,https://picsum.photos/seed/silk-tote-navy-324-1/600/600|https://picsum.photos/seed/silk-tote-navy-324-2/600/600|https://picsum.photos/seed/silk-tote-navy-324-3/600/600
Suede Shirt Burgundy,GRS-0325,148,,5,Apparel & clothing,Bursa Atelier,Suede shirt in burgundy,Handcrafted suede shirt finished by Anatolian artisans for everyday wear,https://picsum.photos/seed/suede-shirt-burgundy-325-1/600/600|https://picsum.photos/seed/suede-shirt-burgundy-325-2/600/600|https://picsum.photos/seed/suede-shirt-burgundy-325-3/600/600|https://picsum.photos/seed/suede-shirt-burgundy-325-4/600/600
Velvet Towel Navy,GRS-0326,161,,22,Textiles & home,Anatolia Co.,Velvet towel in navy,Handcrafted velvet towel finished by Anatolian artisans for everyday wear,https://picsum.photos/seed/velvet-towel-navy-326-1/600/600|https://picsum.photos/seed/velvet-towel-navy-326-2/600/600|https://picsum.photos/seed/velvet-towel-navy-326-3/600/600
Linen Sunglasses Burgundy,GRS-0327,174,219,39,Accessories,House label,Linen sunglasses in burgundy,Handcrafted linen sunglasses finished by Anatolian artisans for everyday wear,https://picsum.photos/seed/linen-sunglasses-burgundy-327-1/600/600|https://picsum.photos/seed/linen-sunglasses-burgundy-327-2/600/600|https://picsum.photos/seed/linen-sunglasses-burgundy-327-3/600/600|https://picsum.photos/seed/linen-sunglasses-burgundy-327-4/600/600
Leather Slippers Navy,GRS-0328,187,,56,Footwear,Aysel Tekstil,Leather slippers in navy,Handcrafted leather slippers finished by Anatolian artisans for everyday wear,https://picsum.photos/seed/leather-slippers-navy-328-1/600/600|https://picsum.photos/seed/leather-slippers-navy-328-2/600/600|https://picsum.photos/seed/leather-slippers-navy-328-3/600/600
Cashmere Duffel Burgundy,GRS-0329,200,,73,Bags & leather goods,Bursa Atelier,Cashmere duffel in burgundy,Handcrafted cashmere duffel finished by Anatolian artisans for everyday wear,https://picsum.photos/seed/cashmere-duffel-burgundy-329-1/600/600|https://picsum.photos/seed/cashmere-duffel-burgundy-329-2/600/600|https://picsum.photos/seed/cashmere-duffel-burgundy-329-3/600/600|https://picsum.photos/seed/cashmere-duffel-burgundy-329-4/600/600
Cotton Kaftan Navy,GRS-0330,27,47,90,Apparel & clothing,Anatolia Co.,Cotton kaftan in navy,Handcrafted cotton kaftan finished by Anatolian artisans for everyday wear,https://picsum.photos/seed/cotton-kaftan-navy-330-1/600/600|https://picsum.photos/seed/cotton-kaftan-navy-330-2/600/600|https://picsum.photos/seed/cotton-kaftan-navy-330-3/600/600
Wool Table Runner Burgundy,GRS-0331,40,,107,Textiles & home,House label,Wool table runner in burgundy,Handcrafted wool table runner finished by Anatolian artisans for everyday wear,https://picsum.photos/seed/wool-table-runner-burgundy-331-1/600/600|https://picsum.photos/seed/wool-table-runner-burgundy-331-2/600/600|https://picsum.photos/seed/wool-table-runner-burgundy-331-3/600/600|https://picsum.photos/seed/wool-table-runner-burgundy-331-4/600/600
Denim Belt Navy,GRS-0332,53,,4,Accessories,Aysel Tekstil,Denim belt in navy,Handcrafted denim belt finished by Anatolian artisans for everyday wear,https://picsum.photos/seed/denim-belt-navy-332-1/600/600|https://picsum.photos/seed/denim-belt-navy-332-2/600/600|https://picsum.photos/seed/denim-belt-navy-332-3/600/600
Canvas Sneakers Burgundy,GRS-0333,66,101,21,Footwear,Bursa Atelier,Canvas sneakers in burgundy,Handcrafted canvas sneakers finished by Anatolian artisans for everyday wear,https://picsum.photos/seed/canvas-sneakers-burgundy-333-1/600/600|https://picsum.photos/seed/canvas-sneakers-burgundy-333-2/600/600|https://picsum.photos/seed/canvas-sneakers-burgundy-333-3/600/600|https://picsum.photos/seed/canvas-sneakers-burgundy-333-4/600/600
Silk Crossbody Bag Navy,GRS-0334,79,,38,Bags & leather goods,Anatolia Co.,Silk crossbody bag in navy,Handcrafted silk crossbody bag finished by Anatolian artisans for everyday wear,https://picsum.photos/seed/silk-crossbody-bag-navy-334-1/600/600|https://picsum.photos/seed/silk-crossbody-bag-navy-334-2/600/600|https://picsum.photos/seed/silk-crossbody-bag-navy-334-3/600/600
Suede Shirt Burgundy,GRS-0335,92,,55,Apparel & clothing,House label,Suede shirt in burgundy,Handcrafted suede shirt finished by Anatolian artisans for everyday wear,https://picsum.photos/seed/suede-shirt-burgundy-335-1/600/600|https://picsum.photos/seed/suede-shirt-burgundy-335-2/600/600|https://picsum.photos/seed/suede-shirt-burgundy-335-3/600/600|https://picsum.photos/seed/suede-shirt-burgundy-335-4/600/600
Velvet Wrap Navy,GRS-0336,105,115,72,Textiles & home,Aysel Tekstil,Velvet wrap in navy,Handcrafted velvet wrap finished by Anatolian artisans for everyday wear,https://picsum.photos/seed/velvet-wrap-navy-336-1/600/600|https://picsum.photos/seed/velvet-wrap-navy-336-2/600/600|https://picsum.photos/seed/velvet-wrap-navy-336-3/600/600
Linen Necklace Burgundy,GRS-0337,118,,89,Accessories,Bursa Atelier,Linen necklace in burgundy,Handcrafted linen necklace finished by Anatolian artisans for everyday wear,https://picsum.photos/seed/linen-necklace-burgundy-337-1/600/600|https://picsum.photos/seed/linen-necklace-burgundy-337-2/600/600|https://picsum.photos/seed/linen-necklace-burgundy-337-3/600/600|https://picsum.photos/seed/linen-necklace-burgundy-337-4/600/600
Leather Boots Navy,GRS-0338,131,,106,Footwear,Anatolia Co.,Leather boots in navy,Handcrafted leather boots finished by Anatolian artisans for everyday wear,https://picsum.photos/seed/leather-boots-navy-338-1/600/600|https://picsum.photos/seed/leather-boots-navy-338-2/600/600|https://picsum.photos/seed/leather-boots-navy-338-3/600/600
Cashmere Clutch Burgundy,GRS-0339,144,169,3,Bags & leather goods,House label,Cashmere clutch in burgundy,Handcrafted cashmere clutch finished by Anatolian artisans for everyday wear,https://picsum.photos/seed/cashmere-clutch-burgundy-339-1/600/600|https://picsum.photos/seed/cashmere-clutch-burgundy-339-2/600/600|https://picsum.photos/seed/cashmere-clutch-burgundy-339-3/600/600|https://picsum.photos/seed/cashmere-clutch-burgundy-339-4/600/600
Cotton Kaftan Navy,GRS-0340,157,,20,Apparel & clothing,Aysel Tekstil,Cotton kaftan in navy,Handcrafted cotton kaftan finished by Anatolian artisans for everyday wear,https://picsum.photos/seed/cotton-kaftan-navy-340-1/600/600|https://picsum.photos/seed/cotton-kaftan-navy-340-2/600/600|https://picsum.photos/seed/cotton-kaftan-navy-340-3/600/600
Wool Bedsheet Burgundy,GRS-0341,170,,37,Textiles & home,Bursa Atelier,Wool bedsheet in burgundy,Handcrafted wool bedsheet finished by Anatolian artisans for everyday wear,https://picsum.photos/seed/wool-bedsheet-burgundy-341-1/600/600|https://picsum.photos/seed/wool-bedsheet-burgundy-341-2/600/600|https://picsum.photos/seed/wool-bedsheet-burgundy-341-3/600/600|https://picsum.photos/seed/wool-bedsheet-burgundy-341-4/600/600
Denim Gloves Navy,GRS-0342,183,223,54,Accessories,Anatolia Co.,Denim gloves in navy,Handcrafted denim gloves finished by Anatolian artisans for everyday wear,https://picsum.photos/seed/denim-gloves-navy-342-1/600/600|https://picsum.photos/seed/denim-gloves-navy-342-2/600/600|https://picsum.photos/seed/denim-gloves-navy-342-3/600/600
Canvas Loafers Burgundy,GRS-0343,196,,71,Footwear,House label,Canvas loafers in burgundy,Handcrafted canvas loafers finished by Anatolian artisans for everyday wear,https://picsum.photos/seed/canvas-loafers-burgundy-343-1/600/600|https://picsum.photos/seed/canvas-loafers-burgundy-343-2/600/600|https://picsum.photos/seed/canvas-loafers-burgundy-343-3/600/600|https://picsum.photos/seed/canvas-loafers-burgundy-343-4/600/600
Silk Wallet Navy,GRS-0344,23,,88,Bags & leather goods,Aysel Tekstil,Silk wallet in navy,Handcrafted silk wallet finished by Anatolian artisans for everyday wear,https://picsum.photos/seed/silk-wallet-navy-344-1/600/600|https://picsum.photos/seed/silk-wallet-navy-344-2/600/600|https://picsum.photos/seed/silk-wallet-navy-344-3/600/600
Suede Shirt Burgundy,GRS-0345,36,51,105,Apparel & clothing,Bursa Atelier,Suede shirt in burgundy,Handcrafted suede shirt finished by Anatolian artisans for everyday wear,https://picsum.photos/seed/suede-shirt-burgundy-345-1/600/600|https://picsum.photos/seed/suede-shirt-burgundy-345-2/600/600|https://picsum.photos/seed/suede-shirt-burgundy-345-3/600/600|https://picsum.photos/seed/suede-shirt-burgundy-345-4/600/600
Velvet Cushion Cover Navy,GRS-0346,49,,2,Textiles & home,Anatolia Co.,Velvet cushion cover in navy,Handcrafted velvet cushion cover finished by Anatolian artisans for everyday wear,https://picsum.photos/seed/velvet-cushion-cover-navy-346-1/600/600|https://picsum.photos/seed/velvet-cushion-cover-navy-346-2/600/600|https://picsum.photos/seed/velvet-cushion-cover-navy-346-3/600/600
Linen Earrings Burgundy,GRS-0347,62,,19,Accessories,House label,Linen earrings in burgundy,Handcrafted linen earrings finished by Anatolian artisans for everyday wear,https://picsum.photos/seed/linen-earrings-burgundy-347-1/600/600|https://picsum.photos/seed/linen-earrings-burgundy-347-2/600/600|https://picsum.photos/seed/linen-earrings-burgundy-347-3/600/600|https://picsum.photos/seed/linen-earrings-burgundy-347-4/600/600
Leather Sandals Navy,GRS-0348,75,105,36,Footwear,Aysel Tekstil,Leather sandals in navy,Handcrafted leather sandals finished by Anatolian artisans for everyday wear,https://picsum.photos/seed/leather-sandals-navy-348-1/600/600|https://picsum.photos/seed/leather-sandals-navy-348-2/600/600|https://picsum.photos/seed/leather-sandals-navy-348-3/600/600
Cashmere Backpack Burgundy,GRS-0349,88,,53,Bags & leather goods,Bursa Atelier,Cashmere backpack in burgundy,Handcrafted cashmere backpack finished by Anatolian artisans for everyday wear,https://picsum.photos/seed/cashmere-backpack-burgundy-349-1/600/600|https://picsum.photos/seed/cashmere-backpack-burgundy-349-2/600/600|https://picsum.photos/seed/cashmere-backpack-burgundy-349-3/600/600|https://picsum.photos/seed/cashmere-backpack-burgundy-349-4/600/600
Cotton Kaftan Navy,GRS-0350,101,,70,Apparel & clothing,Anatolia Co.,Cotton kaftan in navy,Handcrafted cotton kaftan finished by Anatolian artisans for everyday wear,https://picsum.photos/seed/cotton-kaftan-navy-350-1/600/600|https://picsum.photos/seed/cotton-kaftan-navy-350-2/600/600|https://picsum.photos/seed/cotton-kaftan-navy-350-3/600/600
Wool Curtain Burgundy,GRS-0351,114,159,87,Textiles & home,House label,Wool curtain in burgundy,Handcrafted wool curtain finished by Anatolian artisans for everyday wear,https://picsum.photos/seed/wool-curtain-burgundy-351-1/600/600|https://picsum.photos/seed/wool-curtain-burgundy-351-2/600/600|https://picsum.photos/seed/wool-curtain-burgundy-351-3/600/600|https://picsum.photos/seed/wool-curtain-burgundy-351-4/600/600
Denim Scarf Navy,GRS-0352,127,,104,Accessories,Aysel Tekstil,Denim scarf in navy,Handcrafted denim scarf finished by Anatolian artisans for everyday wear,https://picsum.photos/seed/denim-scarf-navy-352-1/600/600|https://picsum.photos/seed/denim-scarf-navy-352-2/600/600|https://picsum.photos/seed/denim-scarf-navy-352-3/600/600
Canvas Heels Burgundy,GRS-0353,140,,1,Footwear,Bursa Atelier,Canvas heels in burgundy,Handcrafted canvas heels finished by Anatolian artisans for everyday wear,https://picsum.photos/seed/canvas-heels-burgundy-353-1/600/600|https://picsum.photos/seed/canvas-heels-burgundy-353-2/600/600|https://picsum.photos/seed/canvas-heels-burgundy-353-3/600/600|https://picsum.photos/seed/canvas-heels-burgundy-353-4/600/600
Silk Tote Navy,GRS-0354,153,173,18,Bags & leather goods,Anatolia Co.,Silk tote in navy,Handcrafted silk tote finished by Anatolian artisans for everyday wear,https://picsum.photos/seed/silk-tote-navy-354-1/600/600|https://picsum.photos/seed/silk-tote-navy-354-2/600/600|https://picsum.photos/seed/silk-tote-navy-354-3/600/600
Suede Shirt Burgundy,GRS-0355,166,,35,Apparel & clothing,House label,Suede shirt in burgundy,Handcrafted suede shirt finished by Anatolian artisans for everyday wear,https://picsum.photos/seed/suede-shirt-burgundy-355-1/600/600|https://picsum.photos/seed/suede-shirt-burgundy-355-2/600/600|https://picsum.photos/seed/suede-shirt-burgundy-355-3/600/600|https://picsum.photos/seed/suede-shirt-burgundy-355-4/600/600
Velvet Blanket Navy,GRS-0356,179,,52,Textiles & home,Aysel Tekstil,Velvet blanket in navy,Handcrafted velvet blanket finished by Anatolian artisans for everyday wear,https://picsum.photos/seed/velvet-blanket-navy-356-1/600/600|https://picsum.photos/seed/velvet-blanket-navy-356-2/600/600|https://picsum.photos/seed/velvet-blanket-navy-356-3/600/600
Linen Hat Burgundy,GRS-0357,192,227,69,Accessories,Bursa Atelier,Linen hat in burgundy,Handcrafted linen hat finished by Anatolian artisans for everyday wear,https://picsum.photos/seed/linen-hat-burgundy-357-1/600/600|https://picsum.photos/seed/linen-hat-burgundy-357-2/600/600|https://picsum.photos/seed/linen-hat-burgundy-357-3/600/600|https://picsum.photos/seed/linen-hat-burgundy-357-4/600/600
Leather Slippers Navy,GRS-0358,19,,86,Footwear,Anatolia Co.,Leather slippers in navy,Handcrafted leather slippers finished by Anatolian artisans for everyday wear,https://picsum.photos/seed/leather-slippers-navy-358-1/600/600|https://picsum.photos/seed/leather-slippers-navy-358-2/600/600|https://picsum.photos/seed/leather-slippers-navy-358-3/600/600
Cashmere Duffel Burgundy,GRS-0359,32,,103,Bags & leather goods,House label,Cashmere duffel in burgundy,Handcrafted cashmere duffel finished by Anatolian artisans for everyday wear,https://picsum.photos/seed/cashmere-duffel-burgundy-359-1/600/600|https://picsum.photos/seed/cashmere-duffel-burgundy-359-2/600/600|https://picsum.photos/seed/cashmere-duffel-burgundy-359-3/600/600|https://picsum.photos/seed/cashmere-duffel-burgundy-359-4/600/600
Cotton Kaftan Navy,GRS-0360,45,55,0,Apparel & clothing,Aysel Tekstil,Cotton kaftan in navy,Handcrafted cotton kaftan finished by Anatolian artisans for everyday wear,https://picsum.photos/seed/cotton-kaftan-navy-360-1/600/600|https://picsum.photos/seed/cotton-kaftan-navy-360-2/600/600|https://picsum.photos/seed/cotton-kaftan-navy-360-3/600/600
Wool Throw Burgundy,GRS-0361,58,,17,Textiles & home,Bursa Atelier,Wool throw in burgundy,Handcrafted wool throw finished by Anatolian artisans for everyday wear,https://picsum.photos/seed/wool-throw-burgundy-361-1/600/600|https://picsum.photos/seed/wool-throw-burgundy-361-2/600/600|https://picsum.photos/seed/wool-throw-burgundy-361-3/600/600|https://picsum.photos/seed/wool-throw-burgundy-361-4/600/600
Denim Bracelet Navy,GRS-0362,71,,34,Accessories,Anatolia Co.,Denim bracelet in navy,Handcrafted denim bracelet finished by Anatolian artisans for everyday wear,https://picsum.photos/seed/denim-bracelet-navy-362-1/600/600|https://picsum.photos/seed/denim-bracelet-navy-362-2/600/600|https://picsum.photos/seed/denim-bracelet-navy-362-3/600/600
Canvas Sneakers Burgundy,GRS-0363,84,109,51,Footwear,House label,Canvas sneakers in burgundy,Handcrafted canvas sneakers finished by Anatolian artisans for everyday wear,https://picsum.photos/seed/canvas-sneakers-burgundy-363-1/600/600|https://picsum.photos/seed/canvas-sneakers-burgundy-363-2/600/600|https://picsum.photos/seed/canvas-sneakers-burgundy-363-3/600/600|https://picsum.photos/seed/canvas-sneakers-burgundy-363-4/600/600
Silk Crossbody Bag Navy,GRS-0364,97,,68,Bags & leather goods,Aysel Tekstil,Silk crossbody bag in navy,Handcrafted silk crossbody bag finished by Anatolian artisans for everyday wear,https://picsum.photos/seed/silk-crossbody-bag-navy-364-1/600/600|https://picsum.photos/seed/silk-crossbody-bag-navy-364-2/600/600|https://picsum.photos/seed/silk-crossbody-bag-navy-364-3/600/600
Suede Shirt Burgundy,GRS-0365,110,,85,Apparel & clothing,Bursa Atelier,Suede shirt in burgundy,Handcrafted suede shirt finished by Anatolian artisans for everyday wear,https://picsum.photos/seed/suede-shirt-burgundy-365-1/600/600|https://picsum.photos/seed/suede-shirt-burgundy-365-2/600/600|https://picsum.photos/seed/suede-shirt-burgundy-365-3/600/600|https://picsum.photos/seed/suede-shirt-burgundy-365-4/600/600
Velvet Towel Navy,GRS-0366,123,163,102,Textiles & home,Anatolia Co.,Velvet towel in navy,Handcrafted velvet towel finished by Anatolian artisans for everyday wear,https://picsum.photos/seed/velvet-towel-navy-366-1/600/600|https://picsum.photos/seed/velvet-towel-navy-366-2/600/600|https://picsum.photos/seed/velvet-towel-navy-366-3/600/600
Linen Sunglasses Burgundy,GRS-0367,136,,119,Accessories,House label,Linen sunglasses in burgundy,Handcrafted linen sunglasses finished by Anatolian artisans for everyday wear,https://picsum.photos/seed/linen-sunglasses-burgundy-367-1/600/600|https://picsum.photos/seed/linen-sunglasses-burgundy-367-2/600/600|https://picsum.photos/seed/linen-sunglasses-burgundy-367-3/600/600|https://picsum.photos/seed/linen-sunglasses-burgundy-367-4/600/600
Leather Boots Navy,GRS-0368,149,,16,Footwear,Aysel Tekstil,Leather boots in navy,Handcrafted leather boots finished by Anatolian artisans for everyday wear,https://picsum.photos/seed/leather-boots-navy-368-1/600/600|https://picsum.photos/seed/leather-boots-navy-368-2/600/600|https://picsum.photos/seed/leather-boots-navy-368-3/600/600
Cashmere Clutch Burgundy,GRS-0369,162,177,33,Bags & leather goods,Bursa Atelier,Cashmere clutch in burgundy,Handcrafted cashmere clutch finished by Anatolian artisans for everyday wear,https://picsum.photos/seed/cashmere-clutch-burgundy-369-1/600/600|https://picsum.photos/seed/cashmere-clutch-burgundy-369-2/600/600|https://picsum.photos/seed/cashmere-clutch-burgundy-369-3/600/600|https://picsum.photos/seed/cashmere-clutch-burgundy-369-4/600/600
Cotton Kaftan Navy,GRS-0370,175,,50,Apparel & clothing,Anatolia Co.,Cotton kaftan in navy,Handcrafted cotton kaftan finished by Anatolian artisans for everyday wear,https://picsum.photos/seed/cotton-kaftan-navy-370-1/600/600|https://picsum.photos/seed/cotton-kaftan-navy-370-2/600/600|https://picsum.photos/seed/cotton-kaftan-navy-370-3/600/600
Wool Table Runner Burgundy,GRS-0371,188,,67,Textiles & home,House label,Wool table runner in burgundy,Handcrafted wool table runner finished by Anatolian artisans for everyday wear,https://picsum.photos/seed/wool-table-runner-burgundy-371-1/600/600|https://picsum.photos/seed/wool-table-runner-burgundy-371-2/600/600|https://picsum.photos/seed/wool-table-runner-burgundy-371-3/600/600|https://picsum.photos/seed/wool-table-runner-burgundy-371-4/600/600
Denim Belt Navy,GRS-0372,15,45,84,Accessories,Aysel Tekstil,Denim belt in navy,Handcrafted denim belt finished by Anatolian artisans for everyday wear,https://picsum.photos/seed/denim-belt-navy-372-1/600/600|https://picsum.photos/seed/denim-belt-navy-372-2/600/600|https://picsum.photos/seed/denim-belt-navy-372-3/600/600
Canvas Loafers Burgundy,GRS-0373,28,,101,Footwear,Bursa Atelier,Canvas loafers in burgundy,Handcrafted canvas loafers finished by Anatolian artisans for everyday wear,https://picsum.photos/seed/canvas-loafers-burgundy-373-1/600/600|https://picsum.photos/seed/canvas-loafers-burgundy-373-2/600/600|https://picsum.photos/seed/canvas-loafers-burgundy-373-3/600/600|https://picsum.photos/seed/canvas-loafers-burgundy-373-4/600/600
Silk Wallet Navy,GRS-0374,41,,118,Bags & leather goods,Anatolia Co.,Silk wallet in navy,Handcrafted silk wallet finished by Anatolian artisans for everyday wear,https://picsum.photos/seed/silk-wallet-navy-374-1/600/600|https://picsum.photos/seed/silk-wallet-navy-374-2/600/600|https://picsum.photos/seed/silk-wallet-navy-374-3/600/600
Suede Shirt Burgundy,GRS-0375,54,99,15,Apparel & clothing,House label,Suede shirt in burgundy,Handcrafted suede shirt finished by Anatolian artisans for everyday wear,https://picsum.photos/seed/suede-shirt-burgundy-375-1/600/600|https://picsum.photos/seed/suede-shirt-burgundy-375-2/600/600|https://picsum.photos/seed/suede-shirt-burgundy-375-3/600/600|https://picsum.photos/seed/suede-shirt-burgundy-375-4/600/600
Velvet Wrap Navy,GRS-0376,67,,32,Textiles & home,Aysel Tekstil,Velvet wrap in navy,Handcrafted velvet wrap finished by Anatolian artisans for everyday wear,https://picsum.photos/seed/velvet-wrap-navy-376-1/600/600|https://picsum.photos/seed/velvet-wrap-navy-376-2/600/600|https://picsum.photos/seed/velvet-wrap-navy-376-3/600/600
Linen Necklace Burgundy,GRS-0377,80,,49,Accessories,Bursa Atelier,Linen necklace in burgundy,Handcrafted linen necklace finished by Anatolian artisans for everyday wear,https://picsum.photos/seed/linen-necklace-burgundy-377-1/600/600|https://picsum.photos/seed/linen-necklace-burgundy-377-2/600/600|https://picsum.photos/seed/linen-necklace-burgundy-377-3/600/600|https://picsum.photos/seed/linen-necklace-burgundy-377-4/600/600
Leather Sandals Navy,GRS-0378,93,113,66,Footwear,Anatolia Co.,Leather sandals in navy,Handcrafted leather sandals finished by Anatolian artisans for everyday wear,https://picsum.photos/seed/leather-sandals-navy-378-1/600/600|https://picsum.photos/seed/leather-sandals-navy-378-2/600/600|https://picsum.photos/seed/leather-sandals-navy-378-3/600/600
Cashmere Backpack Burgundy,GRS-0379,106,,83,Bags & leather goods,House label,Cashmere backpack in burgundy,Handcrafted cashmere backpack finished by Anatolian artisans for everyday wear,https://picsum.photos/seed/cashmere-backpack-burgundy-379-1/600/600|https://picsum.photos/seed/cashmere-backpack-burgundy-379-2/600/600|https://picsum.photos/seed/cashmere-backpack-burgundy-379-3/600/600|https://picsum.photos/seed/cashmere-backpack-burgundy-379-4/600/600
Cotton Kaftan Navy,GRS-0380,119,,100,Apparel & clothing,Aysel Tekstil,Cotton kaftan in navy,Handcrafted cotton kaftan finished by Anatolian artisans for everyday wear,https://picsum.photos/seed/cotton-kaftan-navy-380-1/600/600|https://picsum.photos/seed/cotton-kaftan-navy-380-2/600/600|https://picsum.photos/seed/cotton-kaftan-navy-380-3/600/600
Wool Bedsheet Burgundy,GRS-0381,132,167,117,Textiles & home,Bursa Atelier,Wool bedsheet in burgundy,Handcrafted wool bedsheet finished by Anatolian artisans for everyday wear,https://picsum.photos/seed/wool-bedsheet-burgundy-381-1/600/600|https://picsum.photos/seed/wool-bedsheet-burgundy-381-2/600/600|https://picsum.photos/seed/wool-bedsheet-burgundy-381-3/600/600|https://picsum.photos/seed/wool-bedsheet-burgundy-381-4/600/600
Denim Gloves Navy,GRS-0382,145,,14,Accessories,Anatolia Co.,Denim gloves in navy,Handcrafted denim gloves finished by Anatolian artisans for everyday wear,https://picsum.photos/seed/denim-gloves-navy-382-1/600/600|https://picsum.photos/seed/denim-gloves-navy-382-2/600/600|https://picsum.photos/seed/denim-gloves-navy-382-3/600/600
Canvas Heels Burgundy,GRS-0383,158,,31,Footwear,House label,Canvas heels in burgundy,Handcrafted canvas heels finished by Anatolian artisans for everyday wear,https://picsum.photos/seed/canvas-heels-burgundy-383-1/600/600|https://picsum.photos/seed/canvas-heels-burgundy-383-2/600/600|https://picsum.photos/seed/canvas-heels-burgundy-383-3/600/600|https://picsum.photos/seed/canvas-heels-burgundy-383-4/600/600
Silk Tote Navy,GRS-0384,171,181,48,Bags & leather goods,Aysel Tekstil,Silk tote in navy,Handcrafted silk tote finished by Anatolian artisans for everyday wear,https://picsum.photos/seed/silk-tote-navy-384-1/600/600|https://picsum.photos/seed/silk-tote-navy-384-2/600/600|https://picsum.photos/seed/silk-tote-navy-384-3/600/600
Suede Shirt Burgundy,GRS-0385,184,,65,Apparel & clothing,Bursa Atelier,Suede shirt in burgundy,Handcrafted suede shirt finished by Anatolian artisans for everyday wear,https://picsum.photos/seed/suede-shirt-burgundy-385-1/600/600|https://picsum.photos/seed/suede-shirt-burgundy-385-2/600/600|https://picsum.photos/seed/suede-shirt-burgundy-385-3/600/600|https://picsum.photos/seed/suede-shirt-burgundy-385-4/600/600
Velvet Cushion Cover Navy,GRS-0386,197,,82,Textiles & home,Anatolia Co.,Velvet cushion cover in navy,Handcrafted velvet cushion cover finished by Anatolian artisans for everyday wear,https://picsum.photos/seed/velvet-cushion-cover-navy-386-1/600/600|https://picsum.photos/seed/velvet-cushion-cover-navy-386-2/600/600|https://picsum.photos/seed/velvet-cushion-cover-navy-386-3/600/600
Linen Earrings Burgundy,GRS-0387,24,49,99,Accessories,House label,Linen earrings in burgundy,Handcrafted linen earrings finished by Anatolian artisans for everyday wear,https://picsum.photos/seed/linen-earrings-burgundy-387-1/600/600|https://picsum.photos/seed/linen-earrings-burgundy-387-2/600/600|https://picsum.photos/seed/linen-earrings-burgundy-387-3/600/600|https://picsum.photos/seed/linen-earrings-burgundy-387-4/600/600
Leather Slippers Navy,GRS-0388,37,,116,Footwear,Aysel Tekstil,Leather slippers in navy,Handcrafted leather slippers finished by Anatolian artisans for everyday wear,https://picsum.photos/seed/leather-slippers-navy-388-1/600/600|https://picsum.photos/seed/leather-slippers-navy-388-2/600/600|https://picsum.photos/seed/leather-slippers-navy-388-3/600/600
Cashmere Duffel Burgundy,GRS-0389,50,,13,Bags & leather goods,Bursa Atelier,Cashmere duffel in burgundy,Handcrafted cashmere duffel finished by Anatolian artisans for everyday wear,https://picsum.photos/seed/cashmere-duffel-burgundy-389-1/600/600|https://picsum.photos/seed/cashmere-duffel-burgundy-389-2/600/600|https://picsum.photos/seed/cashmere-duffel-burgundy-389-3/600/600|https://picsum.photos/seed/cashmere-duffel-burgundy-389-4/600/600
Cotton Kaftan Navy,GRS-0390,63,103,30,Apparel & clothing,Anatolia Co.,Cotton kaftan in navy,Handcrafted cotton kaftan finished by Anatolian artisans for everyday wear,https://picsum.photos/seed/cotton-kaftan-navy-390-1/600/600|https://picsum.photos/seed/cotton-kaftan-navy-390-2/600/600|https://picsum.photos/seed/cotton-kaftan-navy-390-3/600/600
Wool Curtain Burgundy,GRS-0391,76,,47,Textiles & home,House label,Wool curtain in burgundy,Handcrafted wool curtain finished by Anatolian artisans for everyday wear,https://picsum.photos/seed/wool-curtain-burgundy-391-1/600/600|https://picsum.photos/seed/wool-curtain-burgundy-391-2/600/600|https://picsum.photos/seed/wool-curtain-burgundy-391-3/600/600|https://picsum.photos/seed/wool-curtain-burgundy-391-4/600/600
Denim Scarf Navy,GRS-0392,89,,64,Accessories,Aysel Tekstil,Denim scarf in navy,Handcrafted denim scarf finished by Anatolian artisans for everyday wear,https://picsum.photos/seed/denim-scarf-navy-392-1/600/600|https://picsum.photos/seed/denim-scarf-navy-392-2/600/600|https://picsum.photos/seed/denim-scarf-navy-392-3/600/600
Canvas Sneakers Burgundy,GRS-0393,102,117,81,Footwear,Bursa Atelier,Canvas sneakers in burgundy,Handcrafted canvas sneakers finished by Anatolian artisans for everyday wear,https://picsum.photos/seed/canvas-sneakers-burgundy-393-1/600/600|https://picsum.photos/seed/canvas-sneakers-burgundy-393-2/600/600|https://picsum.photos/seed/canvas-sneakers-burgundy-393-3/600/600|https://picsum.photos/seed/canvas-sneakers-burgundy-393-4/600/600
Silk Crossbody Bag Navy,GRS-0394,115,,98,Bags & leather goods,Anatolia Co.,Silk crossbody bag in navy,Handcrafted silk crossbody bag finished by Anatolian artisans for everyday wear,https://picsum.photos/seed/silk-crossbody-bag-navy-394-1/600/600|https://picsum.photos/seed/silk-crossbody-bag-navy-394-2/600/600|https://picsum.photos/seed/silk-crossbody-bag-navy-394-3/600/600
Suede Shirt Burgundy,GRS-0395,128,,115,Apparel & clothing,House label,Suede shirt in burgundy,Handcrafted suede shirt finished by Anatolian artisans for everyday wear,https://picsum.photos/seed/suede-shirt-burgundy-395-1/600/600|https://picsum.photos/seed/suede-shirt-burgundy-395-2/600/600|https://picsum.photos/seed/suede-shirt-burgundy-395-3/600/600|https://picsum.photos/seed/suede-shirt-burgundy-395-4/600/600
Velvet Blanket Navy,GRS-0396,141,171,12,Textiles & home,Aysel Tekstil,Velvet blanket in navy,Handcrafted velvet blanket finished by Anatolian artisans for everyday wear,https://picsum.photos/seed/velvet-blanket-navy-396-1/600/600|https://picsum.photos/seed/velvet-blanket-navy-396-2/600/600|https://picsum.photos/seed/velvet-blanket-navy-396-3/600/600
Linen Hat Burgundy,GRS-0397,154,,29,Accessories,Bursa Atelier,Linen hat in burgundy,Handcrafted linen hat finished by Anatolian artisans for everyday wear,https://picsum.photos/seed/linen-hat-burgundy-397-1/600/600|https://picsum.photos/seed/linen-hat-burgundy-397-2/600/600|https://picsum.photos/seed/linen-hat-burgundy-397-3/600/600|https://picsum.photos/seed/linen-hat-burgundy-397-4/600/600
Leather Boots Navy,GRS-0398,167,,46,Footwear,Anatolia Co.,Leather boots in navy,Handcrafted leather boots finished by Anatolian artisans for everyday wear,https://picsum.photos/seed/leather-boots-navy-398-1/600/600|https://picsum.photos/seed/leather-boots-navy-398-2/600/600|https://picsum.photos/seed/leather-boots-navy-398-3/600/600
Cashmere Clutch Burgundy,GRS-0399,180,225,63,Bags & leather goods,House label,Cashmere clutch in burgundy,Handcrafted cashmere clutch finished by Anatolian artisans for everyday wear,https://picsum.photos/seed/cashmere-clutch-burgundy-399-1/600/600|https://picsum.photos/seed/cashmere-clutch-burgundy-399-2/600/600|https://picsum.photos/seed/cashmere-clutch-burgundy-399-3/600/600|https://picsum.photos/seed/cashmere-clutch-burgundy-399-4/600/600
Cotton Kaftan Navy,GRS-0400,193,,80,Apparel & clothing,Aysel Tekstil,Cotton kaftan in navy,Handcrafted cotton kaftan finished by Anatolian artisans for everyday wear,https://picsum.photos/seed/cotton-kaftan-navy-400-1/600/600|https://picsum.photos/seed/cotton-kaftan-navy-400-2/600/600|https://picsum.photos/seed/cotton-kaftan-navy-400-3/600/600
